date,count1,count2,month,dom,dow,doy,total,regular,overage1,overage2
2016-07-13,7767,3883,7,13,3,195,42850.63,42561.6,289.03,289.03
2016-07-14,7544,3749,7,14,4,196,41919.6,40226.34,1693.26,1693.26
2016-07-15,7869,3884,7,15,5,197,43317.36,38621.74,4695.62,4695.62
2016-07-16,7254,3836,7,16,6,198,39412.91,31297.21,8115.7,8115.7
2016-07-17,6462,3707,7,17,0,199,34026.69,33949.15,77.54,77.54
2016-07-18,7747,3904,7,18,1,200,41916.03,41844.69,71.34,71.34
2016-07-19,7259,3697,7,19,2,201,40459.94,40348,111.94,111.94
2016-07-20,7829,3896,7,20,3,202,43143.13,42821.17,321.96,321.96
2016-07-21,7564,3767,7,21,4,203,41791.94,40315.67,1476.27,1476.27
2016-07-22,7866,3893,7,22,5,204,43369.82,39101.01,4268.81,4268.81
2016-07-23,7271,3850,7,23,6,205,39654.83,31629.18,8025.65,8025.65
2016-07-24,6534,3712,7,24,0,206,34423.18,34326.5,96.68,96.68
2016-07-25,7792,3921,7,25,1,207,42597.42,42439.9,157.52,157.52
2016-07-26,7280,3718,7,26,2,208,40469.98,40363.04,106.94,106.94
2016-07-27,7799,3893,7,27,3,209,42934.33,42638.88,295.45,295.45
2016-07-28,7563,3746,7,28,4,210,41702.7,40273.08,1429.62,1429.62
2016-07-29,7862,3893,7,29,5,211,43336.66,39304.11,4032.55,4032.55
2016-07-30,7243,3852,7,30,6,212,39442.85,31661.42,7781.43,7781.43
2016-07-31,6470,3708,7,31,0,213,34295.05,34191.47,103.58,103.58
2016-08-01,7712,3897,8,1,1,214,41886.3,41776.79,109.51,109.51
2016-08-02,7218,3714,8,2,2,215,40080.83,39946.48,134.35,134.35
2016-08-03,7685,3876,8,3,3,216,42302.58,42033.5,269.08,269.08
2016-08-04,7487,3735,8,4,4,217,41292.64,40089.07,1203.57,1203.57
2016-08-05,7871,3882,8,5,5,218,43854.95,39957.78,3897.17,3897.17
2016-08-06,7232,3817,8,6,6,219,39959.96,32210.82,7749.14,7749.14
2016-08-07,6462,3685,8,7,0,220,34569.14,34477.4,91.74,91.74
2016-08-08,7654,3871,8,8,1,221,41819.54,41727.13,92.41,92.41
2016-08-09,7169,3677,8,9,2,222,39927.72,39820.25,107.47,107.47
2016-08-10,7646,3827,8,10,3,223,42223.89,41984.5,239.39,239.39
2016-08-11,7394,3688,8,11,4,224,40930.48,39780.95,1149.53,1149.53
2016-08-12,7802,3846,8,12,5,225,43289.94,39419.69,3870.25,3870.25
2016-08-13,7155,3785,8,13,6,226,39264.5,31714.66,7549.84,7549.84
2016-08-14,6409,3650,8,14,0,227,33828.7,33733.88,94.82,94.82
2016-08-15,7612,3843,8,15,1,228,41250.75,41174.03,76.72,76.72
2016-08-16,7067,3644,8,16,2,229,39383.29,39302.4,80.89,80.89
2016-08-17,7590,3808,8,17,3,230,41749.8,41475.01,274.79,274.79
2016-08-18,7387,3678,8,18,4,231,40712.86,39690.02,1022.84,1022.84
2016-08-19,7715,3826,8,19,5,232,42673.93,39199.08,3474.85,3474.85
2016-08-20,7195,3779,8,20,6,233,39240.05,32152.25,7087.8,7087.8
2016-08-21,6372,3617,8,21,0,234,33708.06,33590.22,117.84,117.84
2016-08-22,7588,3839,8,22,1,235,40955.24,40881.25,73.99,73.99
2016-08-23,7179,3654,8,23,2,236,39695.36,39559.06,136.3,136.3
2016-08-24,7640,3817,8,24,3,237,41898.53,41661.39,237.14,237.14
2016-08-25,7435,3679,8,25,4,238,40891.94,39886.72,1005.22,1005.22
2016-08-26,7778,3833,8,26,5,239,42614.8,39038.55,3576.25,3576.25
2016-08-27,7157,3768,8,27,6,240,40282.27,33025.94,7256.33,7256.33
2016-08-28,6391,3631,8,28,0,241,33689.02,33616.7,72.32,72.32
2016-08-29,7579,3832,8,29,1,242,40988.84,40893.28,95.56,95.56
2016-08-30,7180,3653,8,30,2,243,39700.02,39606.33,93.69,93.69
2016-08-31,7600,3803,8,31,3,244,41744.07,41568.41,175.66,175.66
2016-09-01,7343,3657,9,1,4,245,40111.01,39228.93,882.08,882.08
2016-09-02,7668,3780,9,2,5,246,41872.47,38660.1,3212.37,3212.37
2016-09-03,7140,3741,9,3,6,247,38630.2,31689.77,6940.43,6940.43
2016-09-04,6350,3601,9,4,0,248,33542.73,33479.19,63.54,63.54
2016-09-05,7353,3748,9,5,1,249,40410.12,39651.19,758.93,60.98
2016-09-06,7010,3620,9,6,2,250,38396.46,38338.56,57.9,57.9
2016-09-07,7593,3784,9,7,3,251,41199.17,41075.48,123.69,123.69
2016-09-08,7408,3649,9,8,4,252,40483.07,39878.62,604.45,602.45
2016-09-09,7738,3802,9,9,5,253,42302.88,39428.57,2874.31,2874.31
2016-09-10,7160,3728,9,10,6,254,38888.37,32408.15,6480.22,6480.22
2016-09-11,6403,3594,9,11,0,255,33716.72,33645.83,70.89,70.89
2016-09-12,7561,3789,9,12,1,256,40871.76,40813.94,57.82,57.82
2016-09-13,7144,3620,9,13,2,257,39645.31,39572.24,73.07,73.07
2016-09-14,7654,3794,9,14,3,258,41969.35,41843.7,125.65,125.65
2016-09-15,7411,3649,9,15,4,259,40650.97,39664.72,986.25,986.25
2016-09-16,7781,3854,9,16,5,260,42834.15,39464.63,3369.52,3369.52
2016-09-17,7188,3794,9,17,6,261,38479.4,31952.89,6526.51,6526.51
2016-09-18,6453,3655,9,18,0,262,33853.33,33786.94,66.39,66.39
2016-09-19,7693,3868,9,19,1,263,41457.65,41398.76,58.89,58.89
2016-09-20,7247,3673,9,20,2,264,39992.32,39932.43,59.89,59.89
2016-09-21,7728,3834,9,21,3,265,42128.66,41964.88,163.78,163.78
2016-09-22,7486,3698,9,22,4,266,40632.35,39790.47,841.88,841.88
2016-09-23,7759,3841,9,23,5,267,42131.81,39108.87,3022.94,3022.94
2016-09-24,7169,3783,9,24,6,268,38586.23,32203.22,6383.01,6383.01
2016-09-25,6417,3645,9,25,0,269,33724.96,33657.4,67.56,67.56
2016-09-26,7667,3867,9,26,1,270,41441.18,41398.21,42.97,42.97
2016-09-27,7212,3688,9,27,2,271,39757.46,39673.01,84.45,84.45
2016-09-28,7729,3835,9,28,3,272,42232.12,42021.79,210.33,210.33
2016-09-29,7506,3699,9,29,4,273,41147.08,40096.89,1050.19,1050.19
2016-09-30,7831,3855,9,30,5,274,42768.66,39493.52,3275.14,3275.14
2016-10-01,7193,3784,10,1,6,275,38516.99,32036.47,6480.52,6480.52
2016-10-02,6385,3645,10,2,0,276,33466.71,33367.62,99.09,99.09
2016-10-03,7698,3852,10,3,1,277,41485.05,41422.67,62.38,62.38
2016-10-04,7217,3694,10,4,2,278,39516.53,39410.77,105.76,105.76
2016-10-05,7682,3850,10,5,3,279,43398.27,43198.69,199.58,199.58
2016-10-06,7224,3665,10,6,4,280,39464.79,38580.96,883.83,883.83
2016-10-07,7659,3798,10,7,5,281,41651.26,38611.13,3040.13,3040.13
2016-10-08,7206,3791,10,8,6,282,38998.41,32793.42,6204.99,6204.99
2016-10-09,6421,3666,10,9,0,283,35111.97,35013.6,98.37,90.12
2016-10-10,7706,3871,10,10,1,284,42131.09,41862.22,268.87,73.12
2016-10-11,7229,3695,10,11,2,285,40076.27,39930.78,145.49,145.49
2016-10-12,7711,3863,10,12,3,286,42297.29,42097.02,200.27,200.27
2016-10-13,7512,3732,10,13,4,287,41108.59,40072.69,1035.9,1035.9
2016-10-14,7870,3870,10,14,5,288,44934.61,41127.04,3807.57,3807.57
2016-10-15,7251,3819,10,15,6,289,39294.08,32453.56,6840.52,6840.52
2016-10-16,6442,3698,10,16,0,290,34150.3,34047.83,102.47,102.47
2016-10-17,7733,3888,10,17,1,291,41859.14,41786.17,72.97,72.97
2016-10-18,7264,3712,10,18,2,292,40248.89,40134.26,114.63,114.63
2016-10-19,7759,3888,10,19,3,293,42676.38,42422.43,253.95,253.95
2016-10-20,7553,3750,10,20,4,294,41514.76,40190.67,1324.09,1324.09
2016-10-21,7891,3881,10,21,5,295,43415.84,39544.87,3870.97,3870.97
2016-10-22,7312,3819,10,22,6,296,39808.28,32864.15,6944.13,6944.13
2016-10-23,6458,3664,10,23,0,297,34154.73,34050.35,104.38,104.38
2016-10-24,7752,3862,10,24,1,298,42002.1,41929.79,72.31,72.31
2016-10-25,7282,3674,10,25,2,299,40364.8,40260.13,104.67,104.67
2016-10-26,7764,3859,10,26,3,300,42643.44,42421.98,221.46,221.46
2016-10-27,7523,3716,10,27,4,301,41187.13,39982.18,1204.95,1204.95
2016-10-28,7835,3863,10,28,5,302,43150.38,39338.94,3811.44,3811.44
2016-10-29,7295,3786,10,29,6,303,39736.51,32291.79,7444.72,7444.72
2016-10-30,6468,3636,10,30,0,304,34349.9,34235.99,113.91,113.91
2016-10-31,7680,3853,10,31,1,305,41757.6,41651.6,106,106
2016-11-01,7165,3667,11,1,2,306,39503.83,39396.23,107.6,107.6
2016-11-02,7719,3841,11,2,3,307,42211.81,41915.29,296.52,296.52
2016-11-03,7487,3692,11,3,4,308,40993.15,39986.13,1007.02,1007.02
2016-11-04,7871,3851,11,4,5,309,43169.62,39550.85,3618.77,3618.77
2016-11-05,7343,3802,11,5,6,310,39988.08,32568.58,7419.5,7419.5
2016-11-06,6563,3645,11,6,0,311,35238.79,35106.09,132.7,132.7
2016-11-07,7764,3863,11,7,1,312,41849.55,41777.82,71.73,71.73
2016-11-08,7306,3683,11,8,2,313,40204.82,40075.29,129.53,129.53
2016-11-09,7762,3832,11,9,3,314,42166.02,41954.64,211.38,211.38
2016-11-10,7556,3707,11,10,4,315,41244.16,40269.7,974.46,974.46
2016-11-11,7889,3847,11,11,5,316,43389.77,39805.03,3584.74,3408.74
2016-11-12,7322,3798,11,12,6,317,39773.53,32806.69,6966.84,6966.84
2016-11-13,6604,3669,11,13,0,318,35333.51,35204.55,128.96,128.96
2016-11-14,7804,3876,11,14,1,319,42252.47,42121.65,130.82,130.82
2016-11-15,7392,3692,11,15,2,320,40634.79,40505.5,129.29,129.29
2016-11-16,7774,3821,11,16,3,321,42389.63,42125.77,263.86,263.86
2016-11-17,7599,3686,11,17,4,322,41295.65,40418.35,877.3,877.3
2016-11-18,7944,3863,11,18,5,323,43212.95,40166.19,3046.76,3046.76
2016-11-19,7394,3815,11,19,6,324,40241.14,33601.68,6639.46,6639.46
2016-11-20,6770,3682,11,20,0,325,36254.2,36140.4,113.8,113.8
2016-11-21,7955,3862,11,21,1,326,43104.1,42938.61,165.49,165.49
2016-11-22,7697,3762,11,22,2,327,42142.42,41980.51,161.91,161.91
2016-11-23,8329,3867,11,23,3,328,51634.78,51199.59,435.19,435.19
2016-11-24,3848,2052,11,24,4,329,22137.43,4874.59,17262.84,40.87
2016-11-25,8027,3703,11,25,5,330,56201.79,47127.77,9074.02,4186.68
2016-11-26,7909,3803,11,26,6,331,48195.21,39537.29,8657.92,8657.92
2016-11-27,6974,3674,11,27,0,332,38781.07,38551.66,229.41,229.41
2016-11-28,7923,3852,11,28,1,333,42895.65,42767.33,128.32,128.32
2016-11-29,7542,3740,11,29,2,334,41477.06,41337.61,139.45,139.45
2016-11-30,7887,3811,11,30,3,335,43037.31,42799.09,238.22,238.22
2016-12-01,7733,3725,12,1,4,336,42268.9,41472.71,796.19,796.19
2016-12-02,8021,3763,12,2,5,337,44733.01,41502.65,3230.36,3230.36
2016-12-03,7603,3734,12,3,6,338,43833.63,36202.08,7631.55,7631.55
2016-12-04,6796,3606,12,4,0,339,37675.69,37511.81,163.88,163.88
2016-12-05,7927,3786,12,5,1,340,43263.96,43136.42,127.54,127.54
2016-12-06,7673,3715,12,6,2,341,44161.08,43965.3,195.78,195.78
2016-12-07,7865,3750,12,7,3,342,43404.66,43174.83,229.83,229.83
2016-12-08,7822,3730,12,8,4,343,43172.82,42372.37,800.45,800.45
2016-12-09,8122,3773,12,9,5,344,46022.7,42939.33,3083.37,3083.37
2016-12-10,7667,3708,12,10,6,345,45111.52,36615.53,8495.99,8495.99
2016-12-11,6836,3603,12,11,0,346,38766,38539.96,226.04,226.04
2016-12-12,7816,3720,12,12,1,347,43135.06,43002.82,132.24,132.24
2016-12-13,7669,3667,12,13,2,348,42995.88,42804.36,191.52,191.52
2016-12-14,7808,3719,12,14,3,349,43746.05,43494.4,251.65,251.65
2016-12-15,7682,3670,12,15,4,350,43283.67,42563.92,719.75,719.75
2016-12-16,8013,3722,12,16,5,351,46547.73,43142.84,3404.89,3404.89
2016-12-17,7561,3641,12,17,6,352,45452.72,35983.64,9469.08,9469.08
2016-12-18,6844,3545,12,18,0,353,40431.07,40067.75,363.32,363.32
2016-12-19,7987,3716,12,19,1,354,45713.04,45485.56,227.48,227.48
2016-12-20,7780,3664,12,20,2,355,44968.84,44689.34,279.5,279.5
2016-12-21,7938,3700,12,21,3,356,46099.64,45564.88,534.76,534.76
2016-12-22,7856,3676,12,22,4,357,45751.22,44360.43,1390.79,1390.79
2016-12-23,8122,3720,12,23,5,358,48199.47,43039.21,5160.26,5160.26
2016-12-24,7445,3618,12,24,6,359,42354.01,31411.6,10942.41,10942.41
2016-12-25,371,91,12,25,0,360,1989.78,1788.84,200.94,0
2016-12-26,7674,3644,12,26,1,361,44202.53,43753.07,449.46,252.59
2016-12-27,7597,3648,12,27,2,362,41828.98,41680.73,148.25,148.25
2016-12-28,7625,3703,12,28,3,363,42061.05,41917.1,143.95,143.95
2016-12-29,7629,3676,12,29,4,364,42081.72,41786.84,294.88,294.88
2016-12-30,7817,3704,12,30,5,365,43628.08,42541.01,1087.07,1087.07
2016-12-31,7283,3645,12,31,6,366,39437.92,36217.25,3220.67,3220.67
2017-01-01,5947,3380,1,1,0,1,31782.2,31096.76,685.44,65.56
2017-01-02,7258,3661,1,2,1,2,38542.48,38441.45,101.03,101.03
2017-01-03,7001,3572,1,3,2,3,37741.01,37636.57,104.44,104.44
2017-01-04,7350,3685,1,4,3,4,39418.38,39264.65,153.73,150.73
2017-01-05,7246,3579,1,5,4,5,39082.13,38691.39,390.74,390.74
2017-01-06,7503,3671,1,6,5,6,40084.58,38151.28,1933.3,1933.3
2017-01-07,6912,3602,1,7,6,7,37360.39,32014.65,5345.74,5345.74
2017-01-08,6337,3513,1,8,0,8,32930.77,32848.73,82.04,82.04
2017-01-09,7441,3698,1,9,1,9,39758.48,39635.55,122.93,122.93
2017-01-10,7027,3552,1,10,2,10,38251.12,38143.55,107.57,107.57
2017-01-11,7376,3671,1,11,3,11,39671.89,39535.61,136.28,136.28
2017-01-12,7280,3583,1,12,4,12,39342.26,38833.89,508.37,508.37
2017-01-13,7589,3712,1,13,5,13,40886.13,38505.78,2380.35,2380.35
2017-01-14,7041,3645,1,14,6,14,37888.96,32022.02,5866.94,5866.94
2017-01-15,6330,3528,1,15,0,15,33005.22,32908.04,97.18,97.18
2017-01-16,7406,3714,1,16,1,16,40216.74,39760.85,455.89,85.36
2017-01-17,7013,3598,1,17,2,17,38029.9,37941.48,88.42,88.42
2017-01-18,7339,3720,1,18,3,18,39170.33,39043.37,126.96,126.96
2017-01-19,7227,3621,1,19,4,19,38751.14,38239.19,511.95,511.95
2017-01-20,7502,3744,1,20,5,20,39867.16,37713.04,2154.12,2154.12
2017-01-21,7036,3690,1,21,6,21,37125.78,32000.82,5124.96,5124.96
2017-01-22,6212,3550,1,22,0,22,32035.52,31957.19,78.33,78.33
2017-01-23,7332,3737,1,23,1,23,38459.78,38380.47,79.31,79.31
2017-01-24,6829,3589,1,24,2,24,36803.04,36701.02,102.02,102.02
2017-01-25,7247,3714,1,25,3,25,38663.78,38542.86,120.92,120.92
2017-01-26,7134,3620,1,26,4,26,38247.82,37810.62,437.2,437.2
2017-01-27,7400,3726,1,27,5,27,39274.41,37232.11,2042.3,2042.3
2017-01-28,6966,3674,1,28,6,28,36778.87,31886.13,4892.74,4892.74
2017-01-29,6219,3559,1,29,0,29,32116.89,32044.74,72.15,72.15
2017-01-30,7281,3704,1,30,1,30,38470.51,38401.23,69.28,69.28
2017-01-31,6787,3567,1,31,2,31,36742.95,36629.45,113.5,113.5
2017-02-01,7076,3695,2,1,3,32,37465.42,37387.48,77.94,77.94
2017-02-02,6986,3576,2,2,4,33,37118.2,36728.53,389.67,389.67
2017-02-03,7290,3688,2,3,5,34,38698.47,36972.07,1726.4,1726.4
2017-02-04,6840,3631,2,4,6,35,35998.61,31471.18,4527.43,4527.43
2017-02-05,6125,3535,2,5,0,36,31415.02,31377.07,37.95,37.95
2017-02-06,7138,3682,2,6,1,37,37442.67,37396.1,46.57,46.57
2017-02-07,6715,3566,2,7,2,38,35832.1,35796.21,35.89,35.89
2017-02-08,7111,3677,2,8,3,39,37720.07,37641.8,78.27,78.27
2017-02-09,6898,3543,2,9,4,40,36575.03,36273,302.03,302.03
2017-02-10,7266,3683,2,10,5,41,38679.52,37131.72,1547.8,1547.8
2017-02-11,6798,3617,2,11,6,42,36034.18,31845.54,4188.64,4188.64
2017-02-12,6088,3540,2,12,0,43,31465.24,31415.35,49.89,49.89
2017-02-13,7089,3662,2,13,1,44,37424.7,37384.53,40.17,40.17
2017-02-14,6743,3564,2,14,2,45,36119.74,36068.3,51.44,51.44
2017-02-15,7045,3669,2,15,3,46,37613.2,37541.37,71.83,71.83
2017-02-16,6692,3515,2,16,4,47,35759.48,35426.53,332.95,332.95
2017-02-17,7238,3684,2,17,5,48,38673.87,36969.23,1704.64,1704.64
2017-02-18,6796,3627,2,18,6,49,35993.84,31700.28,4293.56,4293.56
2017-02-19,6052,3502,2,19,0,50,31025.11,30974.27,50.84,50.84
2017-02-20,7208,3677,2,20,1,51,39240.22,38703.65,536.57,38.47
2017-02-21,6760,3562,2,21,2,52,36636.34,36558.48,77.86,77.86
2017-02-22,7135,3688,2,22,3,53,38067.03,37983.31,83.72,83.72
2017-02-23,7014,3598,2,23,4,54,37802.85,37273.58,529.27,529.27
2017-02-24,7277,3697,2,24,5,55,39270.72,37101.27,2169.45,2169.45
2017-02-25,6753,3619,2,25,6,56,35932.23,31157.42,4774.81,4774.81
2017-02-26,6051,3520,2,26,0,57,31401.74,31345.06,56.68,56.68
2017-02-27,7206,3703,2,27,1,58,38257.73,38217.52,40.21,40.21
2017-02-28,6690,3573,2,28,2,59,36792.39,36713.63,78.76,78.76
2017-03-01,6958,3640,3,1,3,60,37590.62,37494.37,96.25,96.25
2017-03-02,6836,3546,3,2,4,61,37021.13,36459.98,561.15,561.15
2017-03-03,7132,3600,3,3,5,62,38643.76,36504.77,2138.99,2138.99
2017-03-04,6637,3584,3,4,6,63,35497.06,30942.95,4554.11,4554.11
2017-03-05,5952,3481,3,5,0,64,30712.67,30679.64,33.03,33.03
2017-03-06,7147,3641,3,6,1,65,37915.75,37881.12,34.63,34.63
2017-03-07,6684,3503,3,7,2,66,36179.35,36121.15,58.2,58.2
2017-03-08,7045,3618,3,8,3,67,37821.7,37663.53,158.17,158.17
2017-03-09,6921,3529,3,9,4,68,37058.43,36506.46,551.97,551.97
2017-03-10,7117,3564,3,10,5,69,37991.06,35954.29,2036.77,2036.77
2017-03-11,6660,3580,3,11,6,70,35310.4,30667.39,4643.01,4643.01
2017-03-12,5897,3440,3,12,0,71,29443.24,29409.52,33.72,33.72
2017-03-13,7091,3627,3,13,1,72,37652.27,37590.77,61.5,61.5
2017-03-14,6008,3260,3,14,2,73,32398.99,32341.51,57.48,57.48
2017-03-15,6822,3532,3,15,3,74,36513.78,36422.48,91.3,91.3
2017-03-16,6897,3513,3,16,4,75,36917.07,36579.87,337.2,337.2
2017-03-17,7073,3561,3,17,5,76,37943.82,36248.8,1695.02,1695.02
2017-03-18,6630,3557,3,18,6,77,34925.2,30659.25,4265.95,4265.95
2017-03-19,5899,3461,3,19,0,78,30560.87,30523.35,37.52,37.52
2017-03-20,7026,3601,3,20,1,79,37197.05,37132.98,64.07,64.07
2017-03-21,6647,3489,3,21,2,80,35731.01,35664.83,66.18,66.18
2017-03-22,6978,3596,3,22,3,81,37403.15,37273.31,129.84,129.84
2017-03-23,6850,3491,3,23,4,82,36904.45,36446.91,457.54,457.54
2017-03-24,7063,3534,3,24,5,83,37820.11,35794.44,2025.67,2025.67
2017-03-25,6595,3539,3,25,6,84,34892.09,30090.14,4801.95,4801.95
2017-03-26,5899,3434,3,26,0,85,30575.01,30520.33,54.68,54.68
2017-03-27,7004,3561,3,27,1,86,37250.46,37192.06,58.4,58.4
2017-03-28,6529,3448,3,28,2,87,35506.75,35439.21,67.54,67.54
2017-03-29,7029,3560,3,29,3,88,37855.16,37741.39,113.77,113.77
2017-03-30,6879,3458,3,30,4,89,36923.86,36375.34,548.52,548.52
2017-03-31,7045,3488,3,31,5,90,37946.94,35604.67,2342.27,2342.27
2017-04-01,6503,3491,4,1,6,91,34486.12,29806.17,4679.95,4679.95
2017-04-02,5810,3329,4,2,0,92,30143.09,30081.39,61.7,61.7
2017-04-03,6981,3535,4,3,1,93,37085.07,37031.29,53.78,53.78
2017-04-04,6517,3368,4,4,2,94,35342.72,35256.65,86.07,86.07
2017-04-05,6953,3543,4,5,3,95,37381.71,37240.72,140.99,140.99
2017-04-06,6753,3390,4,6,4,96,36443.09,35827,616.09,616.09
2017-04-07,7007,3478,4,7,5,97,37720.21,35455.21,2265,2265
2017-04-08,6577,3491,4,8,6,98,34972.28,30302.98,4669.3,4669.3
2017-04-09,5764,3331,4,9,0,99,30063.54,29979.49,84.05,84.05
2017-04-10,6988,3544,4,10,1,100,37223.27,37165.92,57.35,57.35
2017-04-11,6493,3349,4,11,2,101,35372.26,35307.92,64.34,64.34
2017-04-12,6962,3533,4,12,3,102,37393.79,37301.73,92.06,92.06
2017-04-13,6787,3382,4,13,4,103,36621.77,36175.58,446.19,446.19
2017-04-14,6998,3478,4,14,5,104,37820.01,35777.17,2042.84,2020.84
2017-04-15,6523,3483,4,15,6,105,34890.37,30281.8,4608.57,4608.57
2017-04-16,2642,1756,4,16,0,106,13849.59,13835.43,14.16,14.16
2017-04-17,6865,3494,4,17,1,107,36817.35,36563.22,254.13,68.13
2017-04-18,6526,3353,4,18,2,108,35790.67,35681.96,108.71,108.71
2017-04-19,6993,3541,4,19,3,109,37851.2,37711.8,139.4,139.4
2017-04-20,6827,3377,4,20,4,110,36975.46,36564.94,410.52,410.52
2017-04-21,7003,3461,4,21,5,111,37983.92,36275.61,1708.31,1708.31
2017-04-22,6600,3481,4,22,6,112,35629.31,31970.45,3658.86,3658.86
2017-04-23,5742,3310,4,23,0,113,30014.97,29939.11,75.86,75.86
2017-04-24,7017,3554,4,24,1,114,37461.27,37403.36,57.91,57.91
2017-04-25,6429,3345,4,25,2,115,35254.65,35188.57,66.08,66.08
2017-04-26,6965,3531,4,26,3,116,37822.96,37671.67,151.29,151.29
2017-04-27,6775,3379,4,27,4,117,36596.05,35930.67,665.38,665.38
2017-04-28,7000,3469,4,28,5,118,38065.23,35393.57,2671.66,2671.66
2017-04-29,6493,3452,4,29,6,119,34717.67,29587.48,5130.19,5130.19
2017-04-30,5701,3303,4,30,0,120,29781.54,29718.66,62.88,62.88
2017-05-01,6890,3518,5,1,1,121,36899.61,36829.89,69.72,69.72
2017-05-02,6474,3347,5,2,2,122,35286.34,35206.6,79.74,79.74
2017-05-03,6909,3508,5,3,3,123,37450.79,37346.15,104.64,104.64
2017-05-04,6721,3372,5,4,4,124,36554.96,35961.64,593.32,593.32
2017-05-05,6995,3477,5,5,5,125,37906.53,35396.97,2509.56,2509.56
2017-05-06,6442,3435,5,6,6,126,34281,29368.84,4912.16,4912.16
2017-05-07,5681,3272,5,7,0,127,29799.64,29722.05,77.59,77.59
2017-05-08,7006,3517,5,8,1,128,37714.83,37631.65,83.18,83.18
2017-05-09,6475,3327,5,9,2,129,35731.38,35608.8,122.58,122.58
2017-05-10,6940,3490,5,10,3,130,37727.19,37582.31,144.88,144.88
2017-05-11,6719,3360,5,11,4,131,36614.22,35812.73,801.49,801.49
2017-05-12,7008,3473,5,12,5,132,38246.1,35454.25,2791.85,2791.85
2017-05-13,6491,3436,5,13,6,133,34872.08,29742.68,5129.4,5129.4
2017-05-14,5618,3263,5,14,0,134,29611.67,29521.49,90.18,90.18
2017-05-15,6917,3491,5,15,1,135,37299.82,37223.51,76.31,76.31
2017-05-16,6487,3357,5,16,2,136,35470.18,35380.22,89.96,89.96
2017-05-17,6911,3487,5,17,3,137,37469.48,37372.86,96.62,96.62
2017-05-18,6758,3367,5,18,4,138,36770.67,36166.42,604.25,604.25
2017-05-19,6937,3459,5,19,5,139,37752.29,35269.29,2483,2483
2017-05-20,6464,3443,5,20,6,140,34540.57,29440.48,5100.09,5100.09
2017-05-21,5697,3283,5,21,0,141,29929.34,29841.31,88.03,88.03
2017-05-22,6965,3509,5,22,1,142,37354.31,37310.4,43.91,43.91
2017-05-23,6494,3342,5,23,2,143,35617.58,35524.54,93.04,93.04
2017-05-24,6900,3490,5,24,3,144,37495.37,37364.25,131.12,131.12
2017-05-25,6751,3362,5,25,4,145,36473.33,35882.12,591.21,591.21
2017-05-26,6979,3458,5,26,5,146,37730.33,35368.33,2362,2362
2017-05-27,6438,3430,5,27,6,147,34356.86,29537.47,4819.39,4819.39
2017-05-28,5663,3266,5,28,0,148,29868.98,29799.99,68.99,68.99
2017-05-29,6717,3430,5,29,1,149,36835.5,36078.77,756.73,86.39
2017-05-30,6410,3316,5,30,2,150,34791.49,34693.64,97.85,97.85
2017-05-31,6906,3480,5,31,3,151,37348.44,37223.71,124.73,124.73
2017-06-01,6706,3373,6,1,4,152,36116.59,35584.16,532.43,532.43
2017-06-02,6962,3470,6,2,5,153,37618.38,35621.29,1997.09,1997.09
2017-06-03,6497,3458,6,3,6,154,34551.86,29977.97,4573.89,4573.89
2017-06-04,5688,3289,6,4,0,155,29789.08,29719.42,69.66,69.66
2017-06-05,6936,3509,6,5,1,156,36972.74,36904.13,68.61,68.61
2017-06-06,6500,3349,6,6,2,157,35480.19,35425.13,55.06,55.06
2017-06-07,6927,3493,6,7,3,158,37522.42,37422.43,99.99,99.99
2017-06-08,6742,3387,6,8,4,159,36530.55,35805.96,724.59,724.59
2017-06-09,6939,3471,6,9,5,160,37631.93,35229.8,2402.13,2402.13
2017-06-10,6410,3439,6,10,6,161,34089.69,29114.1,4975.59,4975.59
2017-06-11,5633,3282,6,11,0,162,29731.96,29673.95,58.01,58.01
2017-06-12,6857,3493,6,12,1,163,36699.7,36639.36,60.34,60.34
2017-06-13,6509,3353,6,13,2,164,35586.96,35512.2,74.76,74.76
2017-06-14,6883,3469,6,14,3,165,37342.02,37243.73,98.29,98.29
2017-06-15,6705,3374,6,15,4,166,36605.45,35911.82,693.63,693.63
2017-06-16,6882,3455,6,16,5,167,37443.25,35025.14,2418.11,2418.11
2017-06-17,6389,3430,6,17,6,168,34164.13,29309.71,4854.42,4854.42
2017-06-18,5567,3262,6,18,0,169,29632.29,29548.28,84.01,84.01
2017-06-19,6789,3478,6,19,1,170,36206.36,36154.82,51.54,51.54
2017-06-20,6321,3348,6,20,2,171,34651.21,34582.79,68.42,68.42
2017-06-21,6886,3491,6,21,3,172,37061.95,36944.48,117.47,117.47
2017-06-22,6718,3376,6,22,4,173,36339.41,35677.57,661.84,661.84
2017-06-23,6912,3449,6,23,5,174,37250.97,35002.39,2248.58,2248.58
2017-06-24,6356,3425,6,24,6,175,33858.8,29045.68,4813.12,4813.12
2017-06-25,5597,3253,6,25,0,176,29318.51,29239.79,78.72,78.72
2017-06-26,6838,3490,6,26,1,177,36525.74,36454.65,71.09,71.09
2017-06-27,6345,3354,6,27,2,178,34727.18,34621.72,105.46,105.46
2017-06-28,6847,3473,6,28,3,179,36954.47,36840.38,114.09,114.09
2017-06-29,6710,3369,6,29,4,180,36245.23,35576.14,669.09,669.09
2017-06-30,6869,3442,6,30,5,181,37210,34803.63,2406.37,2406.37
2017-07-01,6375,3420,7,1,6,182,33812.87,29259.06,4553.81,4553.81
2017-07-02,5550,3234,7,2,0,183,29535.5,29476.44,59.06,59.06
2017-07-03,6782,3489,7,3,1,184,36135,36061.91,73.09,73.09
2017-07-04,6286,3271,7,4,2,185,34621.63,33933.56,688.07,47.52
2017-07-05,6671,3485,7,5,3,186,35419.33,35356.47,62.86,62.86
2017-07-06,6550,3345,7,6,4,187,35788.22,35432.07,356.15,356.15
2017-07-07,6803,3420,7,7,5,188,36889.1,35156.72,1732.38,1732.38
2017-07-08,6394,3427,7,8,6,189,34235.3,29786.18,4449.12,4449.12
2017-07-09,5591,3235,7,9,0,190,29601.01,29550.64,50.37,50.37
2017-07-10,6859,3481,7,10,1,191,36974.3,36892.8,81.5,81.5
2017-07-11,6323,3349,7,11,2,192,34776.79,34708.52,68.27,68.27
2017-07-12,6829,3461,7,12,3,193,37293.49,37170.61,122.88,122.88
2017-07-13,6660,3351,7,13,4,194,36382.1,35695.55,686.55,686.55
2017-07-14,6910,3447,7,14,5,195,37704.62,35111.32,2593.3,2593.3
2017-07-15,6331,3383,7,15,6,196,33970.74,28639.33,5331.41,5331.41
2017-07-16,5467,3202,7,16,0,197,29397.12,29307.08,90.04,90.04
2017-07-17,6768,3448,7,17,1,198,36537.24,36463.32,73.92,73.92
2017-07-18,6417,3315,7,18,2,199,35520.93,35410.46,110.47,110.47
2017-07-19,6794,3435,7,19,3,200,37070.44,36966.75,103.69,103.69
2017-07-20,6622,3340,7,20,4,201,36225.65,35482.31,743.34,743.34
2017-07-21,6844,3412,7,21,5,202,37672.24,34893.27,2778.97,2778.97
2017-07-22,6260,3377,7,22,6,203,33830.65,28764.67,5065.98,5065.98
2017-07-23,5449,3169,7,23,0,204,29243.2,29149.47,93.73,93.73
2017-07-24,6744,3438,7,24,1,205,36535.45,36467.01,68.44,68.44
2017-07-25,6389,3295,7,25,2,206,35310.51,35237.63,72.88,72.88
2017-07-26,6776,3420,7,26,3,207,37031.41,36906.28,125.13,125.13
2017-07-27,6585,3318,7,27,4,208,36248.73,35630.78,617.95,617.95
2017-07-28,6790,3402,7,28,5,209,37526.88,34954.01,2572.87,2572.87
2017-07-29,6237,3336,7,29,6,210,33880.43,28696.68,5183.75,5183.75
2017-07-30,5493,3163,7,30,0,211,29514.24,29436.26,77.98,77.98
2017-07-31,6758,3423,7,31,1,212,36625.07,36526.02,99.05,99.05
2017-08-01,6340,3289,8,1,2,213,34889.33,34797.22,92.11,92.11
2017-08-02,6685,3365,8,2,3,214,36518.9,36402.06,116.84,116.84
2017-08-03,6517,3261,8,3,4,215,35575.26,34958.07,617.19,617.19
2017-08-04,6728,3356,8,4,5,216,37045.96,34556.9,2489.06,2489.06
2017-08-05,6196,3292,8,5,6,217,33904.73,28818.45,5086.28,5086.28
2017-08-06,5435,3135,8,6,0,218,29326.77,29248.79,77.98,77.98
2017-08-07,6685,3387,8,7,1,219,36089.24,36044.02,45.22,45.22
2017-08-08,6321,3239,8,8,2,220,34745.42,34676.73,68.69,68.69
2017-08-09,6690,3360,8,9,3,221,36591.67,36484.11,107.56,107.56
2017-08-10,6506,3270,8,10,4,222,35459.34,34881.2,578.14,578.14
2017-08-11,6728,3345,8,11,5,223,36851.52,34424.83,2426.69,2426.69
2017-08-12,6194,3284,8,12,6,224,33692.32,28609.24,5083.08,5083.08
2017-08-13,5435,3141,8,13,0,225,29122.86,29033.11,89.75,89.75
2017-08-14,6662,3371,8,14,1,226,36052.23,35917.4,134.83,53.08
2017-08-15,6295,3237,8,15,2,227,34607.87,34547.68,60.19,60.19
2017-08-16,6650,3357,8,16,3,228,36211.45,36085.07,126.38,126.38
2017-08-17,6474,3254,8,17,4,229,35399.06,34763.37,635.69,635.69
2017-08-18,6755,3352,8,18,5,230,36795.64,34474.8,2320.84,2320.84
2017-08-19,6190,3288,8,19,6,231,33505.76,28686.21,4819.55,4819.55
2017-08-20,5420,3131,8,20,0,232,29011.31,28923.5,87.81,87.81
2017-08-21,6674,3399,8,21,1,233,35706.22,35654.36,51.86,51.86
2017-08-22,6321,3255,8,22,2,234,34796.18,34697.66,98.52,98.52
2017-08-23,6691,3364,8,23,3,235,36385.4,36256.82,128.58,128.58
2017-08-24,6525,3263,8,24,4,236,35583.67,34950.02,633.65,633.65
2017-08-25,6719,3334,8,25,5,237,36559.85,34196.22,2363.63,2363.63
2017-08-26,6041,3225,8,26,6,238,32463.34,27866.64,4596.7,4596.7
2017-08-27,5188,3001,8,27,0,239,27663.21,27592.79,70.42,70.42
2017-08-28,6422,3273,8,28,1,240,34722.07,34659.21,62.86,62.86
2017-08-29,6137,3144,8,29,2,241,33797.17,33691.79,105.38,105.38
2017-08-30,6572,3297,8,30,3,242,35658.15,35515.01,143.14,143.14
2017-08-31,6427,3238,8,31,4,243,35114.93,34452.06,662.87,662.87
2017-09-01,6678,3340,9,1,5,244,36174.6,33964.08,2210.52,2210.52
2017-09-02,6155,3285,9,2,6,245,33044.76,28334.99,4709.77,4709.77
2017-09-03,5367,3144,9,3,0,246,28638.32,28552.93,85.39,85.39
2017-09-04,6450,3271,9,4,1,247,35510.43,34829,681.43,49.72
2017-09-05,6170,3214,9,5,2,248,33597.96,33551.27,46.69,46.69
2017-09-06,6637,3355,9,6,3,249,35986.45,35905.89,80.56,80.56
2017-09-07,6423,3219,9,7,4,250,35135.49,34580.73,554.76,554.76
2017-09-08,6452,3247,9,8,5,251,35175.79,33133.86,2041.93,2041.93
2017-09-09,5725,3123,9,9,6,252,30992.92,26570.63,4422.29,4422.29
2017-09-10,5011,2954,9,10,0,253,26925.3,26793.26,132.04,132.04
2017-09-11,6150,3202,9,11,1,254,33405.04,33363.28,41.76,41.76
2017-09-12,6060,3153,9,12,2,255,33369.83,33303.51,66.32,66.32
2017-09-13,6589,3311,9,13,3,256,35918.16,35796.43,121.73,121.73
2017-09-14,6484,3230,9,14,4,257,35471.69,34773.79,697.9,697.9
2017-09-15,6777,3317,9,15,5,258,37108.68,34713.25,2395.43,2395.43
2017-09-16,6136,3246,9,16,6,259,33121.22,28496.52,4624.7,4624.7
2017-09-17,5317,3073,9,17,0,260,28486.51,28332.56,153.95,153.95
2017-09-18,6606,3323,9,18,1,261,35862.37,35794.63,67.74,67.74
2017-09-19,6263,3188,9,19,2,262,34634.47,34567.34,67.13,67.13
2017-09-20,6690,3346,9,20,3,263,36540.9,36412.02,128.88,128.88
2017-09-21,6535,3224,9,21,4,264,35832.2,35019.16,813.04,813.04
2017-09-22,6796,3322,9,22,5,265,37059.1,34522.87,2536.23,2536.23
2017-09-23,6173,3262,9,23,6,266,33420.33,28312.38,5107.95,5107.95
2017-09-24,5395,3081,9,24,0,267,28664.71,28521.42,143.29,143.29
2017-09-25,6693,3346,9,25,1,268,36999.9,36930.36,69.54,69.54
2017-09-26,6367,3235,9,26,2,269,35914.73,35822.74,91.99,91.99
2017-09-27,6701,3347,9,27,3,270,37206.93,37089.76,117.17,117.17
2017-09-28,6575,3260,9,28,4,271,36513.77,35605.47,908.3,908.3
2017-09-29,6799,3320,9,29,5,272,38029.6,35072.78,2956.82,2956.82
2017-09-30,6167,3248,9,30,6,273,33437.91,28268.28,5169.63,5169.63
2017-10-01,5665,3225,10,1,0,274,30968.31,30652.98,315.33,315.33
2017-10-02,7064,3488,10,2,1,275,38523.02,38452.88,70.14,70.14
2017-10-03,6750,3369,10,3,2,276,37528.55,37419.52,109.03,109.03
2017-10-04,7067,3447,10,4,3,277,38866.61,38720.29,146.32,146.32
2017-10-05,6932,3380,10,5,4,278,37965.82,37145.83,819.99,819.99
2017-10-06,7128,3447,10,6,5,279,39318.04,36369.71,2948.33,2948.33
2017-10-07,6485,3386,10,7,6,280,35320.75,29596.48,5724.27,5724.27
2017-10-08,5647,3217,10,8,0,281,30534.2,30221.16,313.04,313.04
2017-10-09,7089,3458,10,9,1,282,40393.66,39613.24,780.42,96.67
2017-10-10,6724,3350,10,10,2,283,37562.91,37489.44,73.47,73.47
2017-10-11,7108,3473,10,11,3,284,39333.1,39172.83,160.27,160.27
2017-10-12,6981,3395,10,12,4,285,38713.17,37760.75,952.42,952.42
2017-10-13,7149,3443,10,13,5,286,39672.01,36657.02,3014.99,3014.99
2017-10-14,6532,3391,10,14,6,287,35982.89,29894.38,6088.51,6088.51
2017-10-15,5689,3234,10,15,0,288,30904.93,30601.85,303.08,303.08
2017-10-16,7052,3466,10,16,1,289,38722.46,38637.81,84.65,84.65
2017-10-17,6700,3351,10,17,2,290,37540.07,37421.61,118.46,118.46
2017-10-18,7114,3453,10,18,3,291,39319.43,39166.45,152.98,152.98
2017-10-19,6943,3369,10,19,4,292,38599.73,37638.85,960.88,960.88
2017-10-20,7209,3454,10,20,5,293,39948.6,36721.12,3227.48,3227.48
2017-10-21,6522,3399,10,21,6,294,35717.68,29556.97,6160.71,6160.71
2017-10-22,5693,3210,10,22,0,295,31058.97,30782.36,276.61,271.03
2017-10-23,7103,3457,10,23,1,296,39490.54,39392.55,97.99,97.99
2017-10-24,6746,3343,10,24,2,297,38060.31,37948.09,112.22,112.22
2017-10-25,7132,3471,10,25,3,298,39705.05,39517.74,187.31,187.31
2017-10-26,6990,3377,10,26,4,299,39058.82,38164.73,894.09,894.09
2017-10-27,7137,3435,10,27,5,300,39738.96,36375.37,3363.59,3363.59
2017-10-28,6453,3364,10,28,6,301,35545.63,29709.01,5836.62,5836.62
2017-10-29,5647,3194,10,29,0,302,31078.37,30786.89,291.48,291.48
2017-10-30,7035,3456,10,30,1,303,38974.9,38886.53,88.37,88.37
2017-10-31,6725,3344,10,31,2,304,37744.31,37633.89,110.42,110.42
2017-11-01,7011,3409,11,1,3,305,38854.69,38664.11,190.58,190.58
2017-11-02,6929,3341,11,2,4,306,38416.11,37534.26,881.85,881.85
2017-11-03,7163,3412,11,3,5,307,39704.55,36800.81,2903.74,2903.74
2017-11-04,6472,3356,11,4,6,308,35526.32,29911.44,5614.88,5614.88
2017-11-05,5657,3201,11,5,0,309,31400.56,31133.55,267.01,267.01
2017-11-06,7053,3436,11,6,1,310,38813.57,38718.29,95.28,95.28
2017-11-07,6754,3309,11,7,2,311,37655.24,37557.47,97.77,97.77
2017-11-08,7056,3421,11,8,3,312,39030.72,38843.53,187.19,187.19
2017-11-09,6918,3342,11,9,4,313,38284.09,37426.87,857.22,857.22
2017-11-10,7095,3416,11,10,5,314,39344.78,36534.53,2810.25,2810.25
2017-11-11,6485,3332,11,11,6,315,36609.8,30368.1,6241.7,5856.04
2017-11-12,5683,3178,11,12,0,316,31474.55,31184.39,290.16,290.16
2017-11-13,7049,3431,11,13,1,317,38943.98,38862.85,81.13,81.13
2017-11-14,6789,3320,11,14,2,318,38107.21,37994.14,113.07,113.07
2017-11-15,7090,3390,11,15,3,319,39460.71,39265.02,195.69,195.69
2017-11-16,6900,3337,11,16,4,320,38553.09,37829.6,723.49,723.49
2017-11-17,7152,3410,11,17,5,321,40127.36,37453.14,2674.22,2674.22
2017-11-18,6606,3320,11,18,6,322,37349.63,31322.88,6026.75,6026.75
2017-11-19,5833,3255,11,19,0,323,32061.72,31784.81,276.91,276.91
2017-11-20,7152,3435,11,20,1,324,39422.64,39338.91,83.73,83.73
2017-11-21,6912,3333,11,21,2,325,39369.21,39196.67,172.54,166.79
2017-11-22,7430,3421,11,22,3,326,46668.21,46206.9,461.31,459.31
2017-11-23,3535,1751,11,23,4,327,21768.25,6576.29,15191.96,57.81
2017-11-24,7329,3304,11,24,5,328,53030.72,44385,8645.72,4173.29
2017-11-25,6865,3328,11,25,6,329,41915.57,34267.5,7648.07,7643.44
2017-11-26,5921,3227,11,26,0,330,33478.02,33066.96,411.06,411.06
2017-11-27,7105,3396,11,27,1,331,39311.74,39231.08,80.66,80.66
2017-11-28,6735,3310,11,28,2,332,37682.23,37528.92,153.31,153.31
2017-11-29,7086,3396,11,29,3,333,39360.63,39200.14,160.49,160.49
2017-11-30,6997,3328,11,30,4,334,39353.41,38689.01,664.4,664.4
2017-12-01,7223,3390,12,1,5,335,41158.21,38566.36,2591.85,2591.85
2017-12-02,6680,3314,12,2,6,336,38890.74,32247.93,6642.81,6642.81
2017-12-03,5910,3213,12,3,0,337,33632.13,33272.19,359.94,359.94
2017-12-04,7124,3396,12,4,1,338,39938.29,39783.83,154.46,154.46
2017-12-05,6853,3323,12,5,2,339,38877.85,38676.01,201.84,201.84
2017-12-06,7174,3402,12,6,3,340,40452.04,40232.23,219.81,219.81
2017-12-07,7087,3367,12,7,4,341,40134.9,39399.26,735.64,735.64
2017-12-08,7325,3434,12,8,5,342,41905.73,39159.18,2746.55,2746.55
2017-12-09,6733,3340,12,9,6,343,39701.04,32458.47,7242.57,7242.57
2017-12-10,6033,3255,12,10,0,344,34824.08,34396.46,427.62,422.54
2017-12-11,7246,3436,12,11,1,345,40920.1,40741.21,178.89,178.89
2017-12-12,6963,3350,12,12,2,346,40089.71,39887.48,202.23,202.23
2017-12-13,7211,3432,12,13,3,347,41347.35,41058.04,289.31,289.31
2017-12-14,7092,3362,12,14,4,348,41039.43,40114.38,925.05,925.05
2017-12-15,7350,3428,12,15,5,349,43169.3,39796.89,3372.41,3372.41
2017-12-16,6783,3335,12,16,6,350,40701.15,31963.6,8737.55,8737.55
2017-12-17,6079,3240,12,17,0,351,36252.51,35720.99,531.52,531.52
2017-12-18,7721,3972,12,18,1,352,44794.03,44536.88,257.15,257.15
2017-12-19,7487,3787,12,19,2,353,44193.81,43828.87,364.94,364.94
2017-12-20,7745,3889,12,20,3,354,45332.68,44890.51,442.17,442.17
2017-12-21,7649,3779,12,21,4,355,45286.49,43941.67,1344.82,1344.82
2017-12-22,7945,3928,12,22,5,356,47765.29,42736.45,5028.84,5028.84
2017-12-23,7057,3561,12,23,6,357,43373.72,32045.36,11328.36,11328.36
2017-12-24,6158,3305,12,24,0,358,35672.35,35033.11,639.24,639.24
2017-12-25,763,261,12,25,1,359,4485.66,4145.06,340.6,3.53
2017-12-26,7420,3737,12,26,2,360,44280.57,43805.37,475.2,327.92
2017-12-27,7754,3901,12,27,3,361,45392.15,45169.53,222.62,222.62
2017-12-28,7693,3821,12,28,4,362,44975.84,44593.31,382.53,382.53
2017-12-29,7980,3954,12,29,5,363,46633.16,45351.75,1281.41,1281.41
2017-12-30,7288,3846,12,30,6,364,41713.58,37979.44,3734.14,3734.14
2017-12-31,6040,3346,12,31,0,365,33148.5,32617.36,531.14,516.14
2018-01-01,6782,3506,1,1,1,1,39445.19,37984.84,1460.35,174.93
2018-01-02,8489,4434,1,2,2,2,48550.26,48434.19,116.07,116.07
2018-01-03,9179,4680,1,3,3,3,52550.19,52353.31,196.88,196.88
2018-01-04,8779,4431,1,4,4,4,49925.01,49226.59,698.42,698.42
2018-01-05,9066,4772,1,5,5,5,52080.29,49499.68,2580.61,2580.61
2018-01-06,7228,3750,1,6,6,6,40027.99,34108.59,5919.4,5919.4
2018-01-07,6225,3525,1,7,0,7,33880.67,33031.76,848.91,848.91
2018-01-08,9151,4898,1,8,1,8,51782.32,51663.45,118.87,118.87
2018-01-09,8846,4504,1,9,2,9,50492.15,50377.28,114.87,114.87
2018-01-10,9307,4705,1,10,3,10,52976.67,52791.96,184.71,184.71
2018-01-11,9107,4509,1,11,4,11,51830.14,50703.66,1126.48,1126.48
2018-01-12,9153,4780,1,12,5,12,52338.73,48231.85,4106.88,4106.88
2018-01-13,7054,3688,1,13,6,13,38860.13,32076.32,6783.81,6783.81
2018-01-14,6147,3403,1,14,0,14,33921.47,32974.48,946.99,946.99
2018-01-15,8236,3877,1,15,1,15,47590.95,46795.23,795.72,147.62
2018-01-16,8554,4448,1,16,2,16,49959.06,49865.78,93.28,93.28
2018-01-17,9004,4537,1,17,3,17,51981.7,51791.66,190.04,190.04
2018-01-18,9050,4497,1,18,4,18,52834.47,51992.92,841.55,841.55
2018-01-19,9235,4808,1,19,5,19,54403.94,51125.07,3278.87,3278.87
2018-01-20,7233,3739,1,20,6,20,41031.72,34990.79,6040.93,6040.93
2018-01-21,6206,3488,1,21,0,21,33965.25,33102.34,862.91,862.91
2018-01-22,9272,4892,1,22,1,22,54146.78,54010.19,136.59,136.59
2018-01-23,8979,4493,1,23,2,23,53814.52,53658.46,156.06,156.06
2018-01-24,9406,4722,1,24,3,24,55107.9,54892.49,215.41,215.41
2018-01-25,9158,4491,1,25,4,25,53936.78,52697.59,1239.19,1239.19
2018-01-26,9314,4813,1,26,5,26,53710.5,49346.5,4364,4364
2018-01-27,7193,3759,1,27,6,27,40124.09,33483.64,6640.45,6640.45
2018-01-28,6276,3485,1,28,0,28,34495.82,33636.55,859.27,859.27
2018-01-29,9317,4865,1,29,1,29,53234.89,53117.27,117.62,117.62
2018-01-30,8979,4493,1,30,2,30,51694.34,51544.33,150.01,150.01
2018-01-31,9487,4731,1,31,3,31,54829.16,54527.11,302.05,302.05
2018-02-01,9250,4611,2,1,4,32,53271.34,52093.19,1178.15,1178.15
2018-02-02,9402,4880,2,2,5,33,54309.32,49771.99,4537.33,4537.33
2018-02-03,7383,3835,2,3,6,34,40962.81,33866.67,7096.14,7096.14
2018-02-04,6330,3516,2,4,0,35,34947.89,33832.38,1115.51,1115.51
2018-02-05,9499,4951,2,5,1,36,54467.53,54322.75,144.78,144.78
2018-02-06,9180,4573,2,6,2,37,53082.72,52900.15,182.57,182.57
2018-02-07,9575,4753,2,7,3,38,54880.5,54590.53,289.97,289.97
2018-02-08,9364,4569,2,8,4,39,53633.82,52386.69,1247.13,1247.13
2018-02-09,9397,4883,2,9,5,40,54073.18,49609.38,4463.8,4463.8
2018-02-10,7306,3845,2,10,6,41,40306.13,33324.92,6981.21,6981.21
2018-02-11,6365,3520,2,11,0,42,35166.18,34193.3,972.88,972.88
2018-02-12,9557,4948,2,12,1,43,54858.17,54713.8,144.37,144.37
2018-02-13,9185,4547,2,13,2,44,53128.36,52945.95,182.41,182.41
2018-02-14,9587,4769,2,14,3,45,54874.84,54630.15,244.69,244.69
2018-02-15,9175,4543,2,15,4,46,53017.74,51705.5,1312.24,1312.24
2018-02-16,9374,4905,2,16,5,47,53678.67,49139.6,4539.07,4539.07
2018-02-17,7177,3766,2,17,6,48,39244.5,32198.13,7046.37,7046.37
2018-02-18,6212,3388,2,18,0,49,33980.19,32953.47,1026.72,1026.72
2018-02-19,8777,4074,2,19,1,50,52341.31,51274.46,1066.85,189.94
2018-02-20,9148,4554,2,20,2,51,53176.18,53027.49,148.69,148.69
2018-02-21,9635,4756,2,21,3,52,55612.49,55335.59,276.9,276.9
2018-02-22,9205,4528,2,22,4,53,53245.29,51921.23,1324.06,1324.06
2018-02-23,9435,4874,2,23,5,54,54230.81,49809.71,4421.1,4421.1
2018-02-24,7290,3792,2,24,6,55,40248.56,32916.88,7331.68,7331.68
2018-02-25,6355,3507,2,25,0,56,35182.55,33973.77,1208.78,1208.78
2018-02-26,9508,4898,2,26,1,57,54601.28,54441.82,159.46,159.46
2018-02-27,9021,4512,2,27,2,58,52544.4,52388.65,155.75,155.75
2018-02-28,9556,4721,2,28,3,59,55210.24,54941.18,269.06,269.06
2018-03-01,9204,4564,3,1,4,60,52779.24,51342.32,1436.92,1436.92
2018-03-02,9262,4815,3,2,5,61,53038.64,48359.18,4679.46,4679.46
2018-03-03,7150,3750,3,3,6,62,39244.8,32357.28,6887.52,6887.52
2018-03-04,6217,3452,3,4,0,63,34267.27,32969.92,1297.35,1297.35
2018-03-05,9400,4942,3,5,1,64,53854.96,53684.46,170.5,170.5
2018-03-06,8994,4509,3,6,2,65,51835.26,51615.36,219.9,219.9
2018-03-07,9420,4705,3,7,3,66,53985.72,53747.02,238.7,238.7
2018-03-08,9104,4490,3,8,4,67,52202.19,51042.92,1159.27,1159.27
2018-03-09,9318,4824,3,9,5,68,53186.75,49059.47,4127.28,4127.28
2018-03-10,7090,3708,3,10,6,69,38853.96,32668.24,6185.72,6185.72
2018-03-11,6161,3397,3,11,0,70,33677.82,32554.27,1123.55,1123.55
2018-03-12,9305,4901,3,12,1,71,53444.96,53306.05,138.91,138.91
2018-03-13,8685,4441,3,13,2,72,50410.76,50273.47,137.29,137.29
2018-03-14,9382,4691,3,14,3,73,53904.25,53659.38,244.87,244.87
2018-03-15,9048,4441,3,15,4,74,52113.08,50875.23,1237.85,1237.85
2018-03-16,9207,5014,3,16,5,75,52531.99,48424.96,4107.03,4107.03
2018-03-17,6946,3789,3,17,6,76,38102.22,32162.79,5939.43,5939.43
2018-03-18,6125,3469,3,18,0,77,33974.76,32869.48,1105.28,1105.28
2018-03-19,9230,5050,3,19,1,78,52810.55,52653.14,157.41,157.41
2018-03-20,8759,4644,3,20,2,79,50647.14,50467.41,179.73,179.73
2018-03-21,9214,4815,3,21,3,80,52622.94,52411.24,211.7,211.7
2018-03-22,8995,4630,3,22,4,81,51698.73,50556.14,1142.59,1142.59
2018-03-23,9194,4973,3,23,5,82,52830.88,48943.16,3887.72,3887.72
2018-03-24,6931,3733,3,24,6,83,38570.49,32404.78,6165.71,6165.71
2018-03-25,6093,3502,3,25,0,84,33861.68,32679.33,1182.35,1182.35
2018-03-26,9238,5033,3,26,1,85,53094,52963.43,130.57,130.57
2018-03-27,8853,4603,3,27,2,86,51551.73,51376.39,175.34,175.34
2018-03-28,9377,4821,3,28,3,87,54025.08,53758.48,266.6,266.6
2018-03-29,9014,4574,3,29,4,88,52012.72,50934.9,1077.82,1077.82
2018-03-30,9086,4944,3,30,5,89,52647.97,48744.96,3903.01,3833.3
2018-03-31,7026,3742,3,31,6,90,39546.53,32682.39,6864.14,6864.14
2018-04-01,2725,1821,4,1,0,91,15560.94,15068.93,492.01,431.51
2018-04-02,9097,4918,4,2,1,92,52683.08,52506.95,176.13,176.13
2018-04-03,8863,4576,4,3,2,93,51950.9,51793.46,157.44,157.44
2018-04-04,9429,4780,4,4,3,94,54614.88,54380.14,234.74,234.74
2018-04-05,9115,4572,4,5,4,95,52903.52,52001.43,902.09,902.09
2018-04-06,9238,4965,4,6,5,96,53875.08,50740.56,3134.52,3134.52
2018-04-07,7069,3690,4,7,6,97,39336.22,34824.18,4512.04,4512.04
2018-04-08,6107,3389,4,8,0,98,34238.66,33186.76,1051.9,1051.9
2018-04-09,9292,4966,4,9,1,99,53266.95,53136.99,129.96,129.96
2018-04-10,8811,4564,4,10,2,100,51259.35,51099.73,159.62,159.62
2018-04-11,9446,4765,4,11,3,101,54481.17,54238.46,242.71,242.71
2018-04-12,9175,4576,4,12,4,102,52905.7,51666.54,1239.16,1239.16
2018-04-13,9293,4914,4,13,5,103,53507.01,49382.68,4124.33,4124.33
2018-04-14,7041,3665,4,14,6,104,38998.16,32454.06,6544.1,6544.1
2018-04-15,6134,3369,4,15,0,105,34231.59,33202.84,1028.75,1028.75
2018-04-16,9390,5128,4,16,1,106,54938.86,54467.3,471.56,220.24
2018-04-17,8974,4678,4,17,2,107,52156.7,51933.77,222.93,222.93
2018-04-18,9509,4931,4,18,3,108,54956.95,54688.84,268.11,268.11
2018-04-19,9215,4678,4,19,4,109,53329.43,52151.15,1178.28,1178.28
2018-04-20,9338,5052,4,20,5,110,53945.11,49623.69,4321.42,4321.42
2018-04-21,7064,3690,4,21,6,111,39337.4,32545.46,6791.94,6791.94
2018-04-22,6190,3504,4,22,0,112,34492.03,33339.15,1152.88,1152.88
2018-04-23,9344,5103,4,23,1,113,54220.16,54016.32,203.84,203.84
2018-04-24,9058,4696,4,24,2,114,52929.5,52726.17,203.33,203.33
2018-04-25,9531,4924,4,25,3,115,55403.59,55085.89,317.7,317.7
2018-04-26,8800,4519,4,26,4,116,51247.67,50080.36,1167.31,1167.31
2018-04-27,9254,5017,4,27,5,117,53446.82,49229.94,4216.88,4216.88
2018-04-28,6958,3685,4,28,6,118,38874.35,32415.18,6459.17,6459.17
2018-04-29,6075,3416,4,29,0,119,33844.9,32735.65,1109.25,1109.25
2018-04-30,9226,5076,4,30,1,120,53739.51,53553.24,186.27,186.27
2018-05-01,8874,4790,5,1,2,121,51749.52,51584.31,165.21,165.21
2018-05-02,9454,4997,5,2,3,122,54681.21,54425.56,255.65,255.65
2018-05-03,9155,4735,5,3,4,123,53154.45,51915.59,1238.86,1238.86
2018-05-04,9314,5121,5,4,5,124,53925.66,49621.47,4304.19,4304.19
2018-05-05,7005,3693,5,5,6,125,39010.18,32614.81,6395.37,6395.37
2018-05-06,6169,3499,5,6,0,126,34397.93,33199.62,1198.31,1198.31
2018-05-07,9313,5176,5,7,1,127,54093.6,53942.19,151.41,151.41
2018-05-08,9044,4762,5,8,2,128,52916.09,52687.8,228.29,228.29
2018-05-09,9529,4994,5,9,3,129,55381.2,55060.25,320.95,320.95
2018-05-10,9155,4757,5,10,4,130,53169.24,51890.6,1278.64,1278.64
2018-05-11,9276,5087,5,11,5,131,53766.42,49535.35,4231.07,4231.07
2018-05-12,7019,3742,5,12,6,132,39198.57,32577.39,6621.18,6621.18
2018-05-13,6110,3436,5,13,0,133,33707.07,32765.25,941.82,941.82
2018-05-14,9301,5153,5,14,1,134,54046.71,53876.55,170.16,170.16
2018-05-15,9013,4716,5,15,2,135,52828.4,52641.69,186.71,186.71
2018-05-16,9474,5001,5,16,3,136,54919.04,54643.66,275.38,275.38
2018-05-17,9187,4702,5,17,4,137,53178.14,52013.54,1164.6,1164.6
2018-05-18,9277,5133,5,18,5,138,53792.23,49576.14,4216.09,4216.09
2018-05-19,7025,3721,5,19,6,139,39218.74,32770.85,6447.89,6447.89
2018-05-20,6164,3432,5,20,0,140,34293.56,33065.78,1227.78,1227.78
2018-05-21,9286,5131,5,21,1,141,54249.94,54110.52,139.42,139.42
2018-05-22,8883,4715,5,22,2,142,52134.36,51973.55,160.81,160.81
2018-05-23,9486,5000,5,23,3,143,54942.24,54729.33,212.91,212.91
2018-05-24,9034,4675,5,24,4,144,52485.73,51394.09,1091.64,1091.64
2018-05-25,9204,5128,5,25,5,145,52780.17,49023.91,3756.26,3756.26
2018-05-26,6966,3717,5,26,6,146,38683.27,32792.28,5890.99,5890.99
2018-05-27,5951,3223,5,27,0,147,33160.61,32353.53,807.08,807.08
2018-05-28,7694,3628,5,28,1,148,45685.02,44305.88,1379.14,103.85
2018-05-29,8675,4713,5,29,2,149,50830.42,50702,128.42,128.42
2018-05-30,9407,4963,5,30,3,150,54890.89,54679.86,211.03,211.03
2018-05-31,9078,4692,5,31,4,151,53123.86,52505.85,618.01,618.01
2018-06-01,9266,5145,6,1,5,152,54018.08,51272.78,2745.3,2745.3
2018-06-02,6965,3662,6,2,6,153,38846.82,33022.03,5824.79,5824.79
2018-06-03,6089,3421,6,3,0,154,33781.25,32983.11,798.14,798.14
2018-06-04,9130,5121,6,4,1,155,53512.4,53373.44,138.96,138.96
2018-06-05,8853,4718,6,5,2,156,52387.61,52246.39,141.22,141.22
2018-06-06,9325,4938,6,6,3,157,54630.57,54393.25,237.32,237.32
2018-06-07,9017,4688,6,7,4,158,52920.5,51562.95,1357.55,1357.55
2018-06-08,9223,5107,6,8,5,159,53624.65,49040.78,4583.87,4583.87
2018-06-09,6966,3691,6,9,6,160,38802,32590.49,6211.51,6211.51
2018-06-10,6105,3404,6,10,0,161,34113.51,32861.27,1252.24,1252.24
2018-06-11,9102,5066,6,11,1,162,53472.7,53314.7,158,158
2018-06-12,8816,4661,6,12,2,163,52146.86,51953.58,193.28,193.28
2018-06-13,9335,4903,6,13,3,164,54998.97,54706.01,292.96,292.96
2018-06-14,9019,4635,6,14,4,165,53616.95,52155.01,1461.94,1461.94
2018-06-15,9194,5062,6,15,5,166,54002,49232.82,4769.18,4769.18
2018-06-16,6919,3673,6,16,6,167,38666.88,31984.72,6682.16,6682.16
2018-06-17,6039,3376,6,17,0,168,33620.48,32652.72,967.76,967.76
2018-06-18,9005,5075,6,18,1,169,53491.23,53359.49,131.74,131.74
2018-06-19,8819,4687,6,19,2,170,52641.1,52495.02,146.08,146.08
2018-06-20,9256,4925,6,20,3,171,54825.8,54569.91,255.89,255.89
2018-06-21,8990,4660,6,21,4,172,53458.28,51903.36,1554.92,1554.92
2018-06-22,9200,5107,6,22,5,173,54007.17,49314.97,4692.2,4692.2
2018-06-23,6906,3700,6,23,6,174,38295.43,31981.51,6313.92,6313.92
2018-06-24,6051,3430,6,24,0,175,35946.53,35008.79,937.74,937.74
2018-06-25,9083,5115,6,25,1,176,53224.85,53069.1,155.75,155.75
2018-06-26,8708,4699,6,26,2,177,51440.67,51291.23,149.44,149.44
2018-06-27,9248,4920,6,27,3,178,54287.77,54048.46,239.31,239.31
2018-06-28,8956,4642,6,28,4,179,52709.93,51449.44,1260.49,1260.49
2018-06-29,9222,5117,6,29,5,180,53451.1,49467.03,3984.07,3984.07
2018-06-30,6988,3717,6,30,6,181,39419.34,32843.99,6575.35,6575.35
2018-07-01,5968,3413,7,1,0,182,32819.17,31996.75,822.42,822.42
2018-07-02,8878,5048,7,2,1,183,52497.17,52342.44,154.73,154.73
2018-07-03,8635,4746,7,3,2,184,51380.84,51230.55,150.29,150.29
2018-07-04,7552,3549,7,4,3,185,45000.28,43660.97,1339.31,135.99
2018-07-05,8573,4576,7,5,4,186,50412.83,49875.59,537.24,531.24
2018-07-06,9230,5138,7,6,5,187,54296.95,51793.62,2503.33,2503.33
2018-07-07,6995,3732,7,7,6,188,38805.49,33343.56,5461.93,5461.93
2018-07-08,6072,3461,7,8,0,189,33513.88,32916.84,597.04,597.04
2018-07-09,9062,5019,7,9,1,190,53571.72,53402.34,169.38,169.38
2018-07-10,8864,4688,7,10,2,191,52980.95,52819,161.95,161.95
2018-07-11,9400,4895,7,11,3,192,55407.15,55152.07,255.08,255.08
2018-07-12,9044,4630,7,12,4,193,53319.1,51930.37,1388.73,1388.73
2018-07-13,9263,5068,7,13,5,194,54357.95,50099.34,4258.61,4258.61
2018-07-14,6981,3664,7,14,6,195,39322.25,32888.92,6433.33,6433.33
2018-07-15,6106,3469,7,15,0,196,34113.55,33008.17,1105.38,1105.38
2018-07-16,9061,5009,7,16,1,197,52408.08,52257.76,150.32,150.32
2018-07-17,8793,4618,7,17,2,198,52016.32,51804.78,211.54,211.54
2018-07-18,9312,4879,7,18,3,199,54604.34,54303.91,300.43,300.43
2018-07-19,9016,4608,7,19,4,200,52966.54,51473.78,1492.76,1492.76
2018-07-20,9175,5015,7,20,5,201,53748.56,49416.78,4331.78,4331.78
2018-07-21,6960,3688,7,21,6,202,39266.09,32405.4,6860.69,6860.69
2018-07-22,6096,3409,7,22,0,203,34088.01,33004.9,1083.11,1083.11
2018-07-23,9114,5037,7,23,1,204,53293.59,53153.8,139.79,139.79
2018-07-24,8704,4504,7,24,2,205,51544.72,51315.52,229.2,229.2
2018-07-25,9333,4895,7,25,3,206,54888.2,54580.09,308.11,308.11
2018-07-26,9059,4597,7,26,4,207,53382.54,51671.54,1711,1711
2018-07-27,9182,4997,7,27,5,208,53474.75,49315.78,4158.97,4158.97
2018-07-28,6945,3709,7,28,6,209,39031.06,32536.71,6494.35,6494.35
2018-07-29,6036,3416,7,29,0,210,33774.47,32689.27,1085.2,1085.2
2018-07-30,9105,5057,7,30,1,211,53193.05,53049.24,143.81,143.81
2018-07-31,8842,4644,7,31,2,212,52213.47,52015.7,197.77,197.77
2018-08-01,9264,5000,8,1,3,213,53980.97,53689.96,291.01,291.01
2018-08-02,8977,4734,8,2,4,214,52429.33,51073.22,1356.11,1356.11
2018-08-03,9131,5100,8,3,5,215,53248.13,49288.08,3960.05,3960.05
2018-08-04,6998,3713,8,4,6,216,39699.54,33002.03,6697.51,6697.51
2018-08-05,6004,3449,8,5,0,217,33572.1,32468.8,1103.3,1103.3
2018-08-06,9062,5169,8,6,1,218,52715.27,52590.88,124.39,124.39
2018-08-07,8890,4776,8,7,2,219,52391.11,52185.31,205.8,205.8
2018-08-08,9356,5022,8,8,3,220,54746.29,54450.27,296.02,296.02
2018-08-09,9097,4736,8,9,4,221,53090.83,51744.82,1346.01,1346.01
2018-08-10,9206,5113,8,10,5,222,53670.29,49710.43,3959.86,3959.86
2018-08-11,6983,3747,8,11,6,223,39299.15,32912.64,6386.51,6386.51
2018-08-12,6044,3431,8,12,0,224,33785.52,32778.53,1006.99,1006.99
2018-08-13,9173,5173,8,13,1,225,53597,53226.03,370.97,163.96
2018-08-14,8905,4790,8,14,2,226,52560.88,52384.76,176.12,175.34
2018-08-15,9374,5005,8,15,3,227,54807.53,54509.42,298.11,298.11
2018-08-16,9095,4786,8,16,4,228,54959.51,53521.03,1438.48,1438.48
2018-08-17,9260,5125,8,17,5,229,53932.6,50045.53,3887.07,3887.07
2018-08-18,7026,3766,8,18,6,230,39320.02,33106.19,6213.83,6213.83
2018-08-19,6063,3432,8,19,0,231,33671.68,32541.27,1130.41,1130.41
2018-08-20,9246,5230,8,20,1,232,53731.15,53584.86,146.29,146.29
2018-08-21,8939,4821,8,21,2,233,52347.73,52168.28,179.45,179.45
2018-08-22,9427,4997,8,22,3,234,54634.67,54378.79,255.88,255.88
2018-08-23,9218,4806,8,23,4,235,53708.45,52440.92,1267.53,1267.53
2018-08-24,9296,5141,8,24,5,236,53775.76,50007.01,3768.75,3768.75
2018-08-25,6987,3738,8,25,6,237,38731.82,32777.06,5954.76,5954.76
2018-08-26,6089,3482,8,26,0,238,33731.36,32573.04,1158.32,1158.32
2018-08-27,9290,5234,8,27,1,239,53627.86,53492.95,134.91,134.91
2018-08-28,8974,4852,8,28,2,240,52431.23,52254.4,176.83,176.83
2018-08-29,9548,5061,8,29,3,241,55118.37,54881.88,236.49,236.49
2018-08-30,9239,4839,8,30,4,242,53803.34,52698.17,1105.17,1105.17
2018-08-31,9309,5161,8,31,5,243,53587.26,49952.87,3634.39,3634.39
2018-09-01,6955,3709,9,1,6,244,37498.74,32615.53,4883.21,4883.21
2018-09-02,5929,3319,9,2,0,245,32057.24,31059.04,998.2,998.2
2018-09-03,7696,3662,9,3,1,246,44736.07,43568.6,1167.47,91.25
2018-09-04,9004,4887,9,4,2,247,51630.66,51472.97,157.69,157.69
2018-09-05,9665,5135,9,5,3,248,55011.59,54819.91,191.68,191.68
2018-09-06,9441,4911,9,6,4,249,54172.58,53700.87,471.71,471.71
2018-09-07,9566,5243,9,7,5,250,54711.55,52692.15,2019.4,2019.4
2018-09-08,7308,3820,9,8,6,251,39721.31,35343.31,4378,4378
2018-09-09,6253,3558,9,9,0,252,33961.34,33060.83,900.51,900.51
2018-09-10,9542,5356,9,10,1,253,54324.01,54172.27,151.74,151.74
2018-09-11,9190,4966,9,11,2,254,52765.88,52610.11,155.77,155.77
2018-09-12,9765,5138,9,12,3,255,55836.29,55562.3,273.99,273.99
2018-09-13,9468,4899,9,13,4,256,54325.5,53251.43,1074.07,1074.07
2018-09-14,9466,5230,9,14,5,257,54024.96,50799.17,3225.79,3225.79
2018-09-15,7205,3869,9,15,6,258,39051.24,34403.5,4647.74,4647.74
2018-09-16,6222,3512,9,16,0,259,33607.43,32487.17,1120.26,1120.26
2018-09-17,9513,5319,9,17,1,260,54969.2,54821.98,147.22,147.22
2018-09-18,9000,4924,9,18,2,261,52345.59,52151.36,194.23,194.23
2018-09-19,9563,5108,9,19,3,262,55358.97,55131.65,227.32,227.32
2018-09-20,9250,4876,9,20,4,263,53862.17,53060.43,801.74,801.74
2018-09-21,9639,5261,9,21,5,264,55646.38,52515.76,3130.62,3130.62
2018-09-22,7230,3835,9,22,6,265,39150.57,34749.08,4401.49,4401.49
2018-09-23,6232,3535,9,23,0,266,33839.44,32667.95,1171.49,1171.49
2018-09-24,9597,5336,9,24,1,267,55384.31,55254.04,130.27,130.27
2018-09-25,9300,4896,9,25,2,268,54278.21,54131.19,147.02,147.02
2018-09-26,9852,5115,9,26,3,269,56890.69,56653.31,237.38,237.38
2018-09-27,9515,4944,9,27,4,270,55186.36,54327.14,859.22,859.22
2018-09-28,9596,5272,9,28,5,271,55798.1,52632.59,3165.51,3165.51
2018-09-29,7292,3887,9,29,6,272,40309.81,35034.68,5275.13,5275.13
2018-09-30,6256,3505,9,30,0,273,34071.77,32687.8,1383.97,1383.97
2018-10-01,9526,5364,10,1,1,274,55518.89,55327.46,191.43,191.43
2018-10-02,9269,4953,10,2,2,275,57259.16,57090.39,168.77,168.77
2018-10-03,9781,5169,10,3,3,276,56408.89,56131.04,277.85,277.85
2018-10-04,9502,4929,10,4,4,277,55028.73,53998.67,1030.06,1030.06
2018-10-05,9599,5277,10,5,5,278,55408.33,52124.53,3283.8,3283.8
2018-10-06,7340,3863,10,6,6,279,40423.13,35100.29,5322.84,5322.84
2018-10-07,6275,3522,10,7,0,280,34359.26,32915.63,1443.63,1443.63
2018-10-08,9505,4927,10,8,1,281,54915.19,54025.27,889.92,147.96
2018-10-09,9269,4932,10,9,2,282,53906.86,53751.19,155.67,149.62
2018-10-10,9751,5124,10,10,3,283,56706.16,56510.85,195.31,195.31
2018-10-11,9472,4878,10,11,4,284,54714.05,53716.83,997.22,997.22
2018-10-12,9554,5221,10,12,5,285,55071.16,51834.71,3236.45,3236.45
2018-10-13,7247,3872,10,13,6,286,39878.9,34958.54,4920.36,4920.36
2018-10-14,6344,3533,10,14,0,287,34722.44,33453.97,1268.47,1268.47
2018-10-15,9514,5275,10,15,1,288,55152.2,55003.07,149.13,149.13
2018-10-16,9250,4933,10,16,2,289,55423.09,55262.55,160.54,160.54
2018-10-17,9761,5110,10,17,3,290,57633.31,57372.66,260.65,260.65
2018-10-18,9453,4855,10,18,4,291,55790.04,54732,1058.04,1058.04
2018-10-19,9558,5216,10,19,5,292,56238.61,52527.08,3711.53,3711.53
2018-10-20,7278,3804,10,20,6,293,40522.74,35158.89,5363.85,5363.85
2018-10-21,6348,3545,10,21,0,294,35078.36,33704.71,1373.65,1373.65
2018-10-22,9571,5275,10,22,1,295,56274.31,56134.27,140.04,140.04
2018-10-23,9278,4913,10,23,2,296,54905.72,54721.35,184.37,184.37
2018-10-24,9771,5125,10,24,3,297,57638.45,57369.07,269.38,269.38
2018-10-25,9500,4868,10,25,4,298,56069.56,54920.59,1148.97,1148.97
2018-10-26,9564,5209,10,26,5,299,56590.76,52972.21,3618.55,3618.55
2018-10-27,7322,3846,10,27,6,300,40970.68,35554.71,5415.97,5415.97
2018-10-28,6319,3545,10,28,0,301,34826.96,33494.76,1332.2,1332.2
2018-10-29,9560,5272,10,29,1,302,56298.67,56129.07,169.6,169.6
2018-10-30,9316,4907,10,30,2,303,54300.69,54134.25,166.44,166.44
2018-10-31,9704,5039,10,31,3,304,56137.33,55887.33,250,250
2018-11-01,9421,4869,11,1,4,305,55106.08,54005.72,1100.36,1100.36
2018-11-02,9516,5192,11,2,5,306,55751.02,52295.62,3455.4,3455.4
2018-11-03,7275,3795,11,3,6,307,40318.65,35394.62,4924.03,4924.03
2018-11-04,6393,3588,11,4,0,308,35840.9,34575.38,1265.52,1265.52
2018-11-05,9666,5314,11,5,1,309,56643.25,56447.41,195.84,195.84
2018-11-06,9317,4975,11,6,2,310,54964.96,54784.17,180.79,180.79
2018-11-07,9904,5157,11,7,3,311,57896.42,57633.57,262.85,262.85
2018-11-08,9608,4895,11,8,4,312,56347.95,55168.46,1179.49,1179.49
2018-11-09,9649,5230,11,9,5,313,56538.01,52902.37,3635.64,3635.64
2018-11-10,7408,3807,11,10,6,314,41769.67,35753.24,6016.43,6016.43
2018-11-11,6397,3430,11,11,0,315,35942.46,34463.99,1478.47,1478.47
2018-11-12,9046,4244,11,12,1,316,53389.28,52418.47,970.81,185.12
2018-11-13,9391,4892,11,13,2,317,54791.07,54613.81,177.26,176.91
2018-11-14,9770,5074,11,14,3,318,57013.75,56730.87,282.88,282.88
2018-11-15,9509,4822,11,15,4,319,55905.04,54823.67,1081.37,1081.37
2018-11-16,9622,5195,11,16,5,320,56633.05,53251.78,3381.27,3381.27
2018-11-17,7484,3877,11,17,6,321,42435.98,36212.27,6223.71,6223.71
2018-11-18,6610,3598,11,18,0,322,36984.65,35600.16,1384.49,1384.49
2018-11-19,9704,5283,11,19,1,323,57362.09,57194.69,167.4,167.4
2018-11-20,9691,4946,11,20,2,324,57356.8,57131.08,225.72,225.72
2018-11-21,10040,5064,11,21,3,325,64590.63,64017.67,572.96,572.96
2018-11-22,4701,2169,11,22,4,326,29132.62,12085.02,17047.6,164.34
2018-11-23,8942,4696,11,23,5,327,63879.23,56071.26,7807.97,3747.32
2018-11-24,7695,3926,11,24,6,328,47113.02,40151.6,6961.42,6961.42
2018-11-25,6745,3603,11,25,0,329,38947.97,37869.28,1078.69,1078.69
2018-11-26,9683,5268,11,26,1,330,57290.84,57075.69,215.15,215.15
2018-11-27,9625,4950,11,27,2,331,56427.1,56224.69,202.41,202.41
2018-11-28,9911,5096,11,28,3,332,57792.98,57503.09,289.89,289.89
2018-11-29,9637,4793,11,29,4,333,56876.82,55742.65,1134.17,1134.17
2018-11-30,9829,5240,11,30,5,334,58088.99,54195.27,3893.72,3893.72
2018-12-01,7995,3898,12,1,6,335,47102.62,39911.32,7191.3,7191.3
2018-12-02,7057,3631,12,2,0,336,41192.87,39476.64,1716.23,1716.23
2018-12-03,10071,5345,12,3,1,337,59220.28,58994.34,225.94,225.94
2018-12-04,10101,5039,12,4,2,338,59678.57,59439.9,238.67,238.67
2018-12-05,10388,5173,12,5,3,339,61158.77,60855.13,303.64,303.64
2018-12-06,10110,4869,12,6,4,340,60062.97,58901.97,1161,1161
2018-12-07,10263,5335,12,7,5,341,61220.76,57027.58,4193.18,4193.18
2018-12-08,8064,3953,12,8,6,342,48037.39,40090.69,7946.7,7946.7
2018-12-09,6985,3548,12,9,0,343,41240.41,39563.11,1677.3,1677.3
2018-12-10,10166,5320,12,10,1,344,60418.08,60174.3,243.78,243.78
2018-12-11,10123,5054,12,11,2,345,60535.9,60209.9,326,326
2018-12-12,10376,5187,12,12,3,346,61727.31,61334.33,392.98,392.98
2018-12-13,10032,4865,12,13,4,347,60243.47,58977.57,1265.9,1265.9
2018-12-14,10286,5254,12,14,5,348,62364.85,57771.08,4593.77,4593.77
2018-12-15,8091,3916,12,15,6,349,49320.2,40738.41,8581.79,8581.79
2018-12-16,7296,3660,12,16,0,350,43969.18,42189.27,1779.91,1779.91
2018-12-17,10337,5371,12,17,1,351,62672.56,62370.9,301.66,301.66
2018-12-18,10295,5022,12,18,2,352,62955.71,62533.92,421.79,421.79
2018-12-19,10553,5202,12,19,3,353,64278.91,63753.23,525.68,525.68
2018-12-20,10240,4895,12,20,4,354,62827.9,61313.79,1514.11,1514.11
2018-12-21,10377,5309,12,21,5,355,64147.94,58648.26,5499.68,5499.68
2018-12-22,8167,3926,12,22,6,356,50750.21,40266.62,10483.59,10483.59
2018-12-23,7485,3662,12,23,0,357,46409.7,44525.22,1884.48,1884.48
2018-12-24,9145,4721,12,24,1,358,53703.67,53296.77,406.9,341.15
2018-12-25,1325,655,12,25,2,359,8482.53,8099.47,383.06,59.61
2018-12-26,9889,5048,12,26,3,360,60218.6,59737.21,481.39,351.44
2018-12-27,9999,4692,12,27,4,361,60946.56,60588.87,357.69,357.69
2018-12-28,10312,5287,12,28,5,362,62483.95,61385.74,1098.21,1098.21
2018-12-29,8173,3959,12,29,6,363,47951.59,44414.25,3537.34,3537.34
2018-12-30,7054,3636,12,30,0,364,40149.84,39426.29,723.55,718.37
2018-12-31,9214,4704,12,31,1,365,54256.48,53997.48,259,225
2019-01-01,7169,3653,1,1,2,1,42424.38,40858.24,1566.14,114.35
2019-01-02,9962,5122,1,2,3,2,60183.55,59850.19,333.36,329.88
2019-01-03,9982,4824,1,3,4,3,61053.16,60470.05,583.11,583.11
2019-01-04,10226,5323,1,4,5,4,62376.31,60324.18,2052.13,2052.13
2019-01-05,7983,3986,1,5,6,5,46271.32,40762.91,5508.41,5508.41
2019-01-06,6861,3538,1,6,0,6,39380.31,38030.81,1349.5,1349.5
2019-01-07,10122,5326,1,7,1,7,58996.64,58858.73,137.91,137.91
2019-01-08,9789,4879,1,8,2,8,57665.6,57489.9,175.7,175.7
2019-01-09,10377,5159,1,9,3,9,60294.29,60062.81,231.48,231.48
2019-01-10,10125,4843,1,10,4,10,59233.01,58094.11,1138.9,1138.9
2019-01-11,10309,5269,1,11,5,11,60172.45,56363.58,3808.87,3808.87
2019-01-12,7853,3908,1,12,6,12,44719.48,38718.38,6001.1,6001.1
2019-01-13,6836,3542,1,13,0,13,38512.54,37156.99,1355.55,1355.55
2019-01-14,10224,5317,1,14,1,14,59551.24,59409.28,141.96,141.96
2019-01-15,9908,4894,1,15,2,15,58528.71,58378.37,150.34,150.34
2019-01-16,10484,5202,1,16,3,16,61068.71,60927.24,141.47,141.47
2019-01-17,10146,4879,1,17,4,17,59329.45,58233.85,1095.6,1095.6
2019-01-18,10256,5317,1,18,5,18,59589.52,56070.08,3519.44,3519.44
2019-01-19,7812,3861,1,19,6,19,44065.95,38650.32,5415.63,5415.63
2019-01-20,6540,3349,1,20,0,20,36892.91,35462.11,1430.8,1430.8
2019-01-21,9188,4048,1,21,1,21,53922.54,53203.99,718.55,123.5
2019-01-22,9844,4831,1,22,2,22,57881.92,57751.73,130.19,125.44
2019-01-23,10404,5131,1,23,3,23,60413.15,60222.75,190.4,190.4
2019-01-24,10152,4833,1,24,4,24,59159.62,58268.41,891.21,891.21
2019-01-25,10258,5227,1,25,5,25,59712.38,56607.87,3104.51,3104.51
2019-01-26,7765,3907,1,26,6,26,44066.81,39046.02,5020.79,5020.79
2019-01-27,6784,3540,1,27,0,27,38112.77,36868.43,1244.34,1244.34
2019-01-28,10235,5366,1,28,1,28,59422.03,59274.57,147.46,147.46
2019-01-29,9865,4903,1,29,2,29,57952.41,57766.93,185.48,185.48
2019-01-30,10183,5097,1,30,3,30,59239.94,59002.05,237.89,237.89
2019-01-31,9993,4827,1,31,4,31,58628.17,57573.83,1054.34,1054.34
2019-02-01,10199,5228,2,1,5,32,59132.05,55770.52,3361.53,3361.53
2019-02-02,7761,3877,2,2,6,33,43631.57,39016.89,4614.68,4614.68
2019-02-03,6778,3514,2,3,0,34,38126.06,36865.35,1260.71,1260.71
2019-02-04,10076,5098,2,4,1,35,58395.67,58234.25,161.42,161.42
2019-02-05,9897,4887,2,5,2,36,57841.95,57723.81,118.14,118.14
2019-02-06,10382,5106,2,6,3,37,60515.69,60337.73,177.96,177.96
2019-02-07,10160,4820,2,7,4,38,59364.7,58320.29,1044.41,1044.41
2019-02-08,10160,5017,2,8,5,39,59249.81,55998.05,3251.76,3251.76
2019-02-09,7707,3861,2,9,6,40,43520.85,38624.59,4896.26,4896.26
2019-02-10,6792,3560,2,10,0,41,38247.92,36851.21,1396.71,1396.71
2019-02-11,10035,5063,2,11,1,42,58241.32,58102.8,138.52,138.52
2019-02-12,9787,4817,2,12,2,43,57473.73,57337.61,136.12,136.12
2019-02-13,10437,5138,2,13,3,44,61098.88,60839.58,259.3,259.3
2019-02-14,10080,4775,2,14,4,45,59176.67,58060.45,1116.22,1116.22
2019-02-15,10207,5221,2,15,5,46,59804.91,56176.63,3628.28,3628.28
2019-02-16,7749,3840,2,16,6,47,43545.81,38705.48,4840.33,4840.33
2019-02-17,6767,3416,2,17,0,48,38456.44,36931.79,1524.65,1524.65
2019-02-18,9405,4105,2,18,1,49,56630.13,55675.73,954.4,149.99
2019-02-19,9827,4829,2,19,2,50,57587.67,57476.01,111.66,111.66
2019-02-20,10310,5013,2,20,3,51,60196.2,59959.37,236.83,236.83
2019-02-21,10002,4771,2,21,4,52,58908.21,57851.69,1056.52,1056.52
2019-02-22,10181,5190,2,22,5,53,59519.43,56404.71,3114.72,3114.72
2019-02-23,7723,3859,2,23,6,54,43801.49,38745.05,5056.44,5056.44
2019-02-24,6686,3518,2,24,0,55,39923.45,38773.1,1150.35,1150.35
2019-02-25,10091,5209,2,25,1,56,58755.42,58571.2,184.22,184.22
2019-02-26,9845,4822,2,26,2,57,58155.6,57947.83,207.77,207.77
2019-02-27,10372,5061,2,27,3,58,60683.72,60456.96,226.76,226.76
2019-02-28,10079,4782,2,28,4,59,59465.84,58345.34,1120.5,1120.5
2019-03-01,10137,5159,3,1,5,60,59249.77,55694.44,3555.33,3555.33
2019-03-02,7737,3834,3,2,6,61,44067.22,38633.03,5434.19,5434.19
2019-03-03,6724,3494,3,3,0,62,38126.53,36755.89,1370.64,1370.64
2019-03-04,10047,5219,3,4,1,63,58966.09,58691.97,274.12,274.12
2019-03-05,9741,4840,3,5,2,64,57509.16,57260.65,248.51,248.51
2019-03-06,10589,5140,3,6,3,65,62093.17,61751.56,341.61,341.61
2019-03-07,10259,4803,3,7,4,66,60529.44,59468.85,1060.59,1060.59
2019-03-08,10411,5244,3,8,5,67,61146.89,57532.8,3614.09,3614.09
2019-03-09,7929,3898,3,9,6,68,44683.06,39333.34,5349.72,5349.72
2019-03-10,6868,3595,3,10,0,69,38235.15,36939.58,1295.57,1295.57
2019-03-11,10405,5311,3,11,1,70,61119.59,60976.57,143.02,143.02
2019-03-12,10075,4894,3,12,2,71,59646.78,59464.91,181.87,181.87
2019-03-13,10585,5019,3,13,3,72,62041.36,61808.55,232.81,232.81
2019-03-14,10234,4782,3,14,4,73,60494.97,59394.71,1100.26,1100.26
2019-03-15,10376,5241,3,15,5,74,61366.53,57644.25,3722.28,3722.28
2019-03-16,7856,3819,3,16,6,75,44144.65,38568.3,5576.35,5576.35
2019-03-17,6866,3544,3,17,0,76,39000.26,37625.74,1374.52,1374.52
2019-03-18,10241,5238,3,18,1,77,59961.66,59824.6,137.06,137.06
2019-03-19,9958,4838,3,19,2,78,58982.99,58837.97,145.02,145.02
2019-03-20,10550,5052,3,20,3,79,62139.82,61862.58,277.24,277.24
2019-03-21,10107,4760,3,21,4,80,59981.81,58895.61,1086.2,1086.2
2019-03-22,10332,5188,3,22,5,81,60812.74,56991.01,3821.73,3821.73
2019-03-23,7831,3871,3,23,6,82,44527.3,38862.78,5664.52,5664.52
2019-03-24,6877,3595,3,24,0,83,38873.11,37613.59,1259.52,1259.52
2019-03-25,10306,5317,3,25,1,84,60773.62,60644.3,129.32,129.32
2019-03-26,10071,4887,3,26,2,85,59728.07,59569.94,158.13,158.13
2019-03-27,10536,5116,3,27,3,86,62264.89,61963.54,301.35,301.35
2019-03-28,10266,4850,3,28,4,87,60936.2,59800.4,1135.8,1135.8
2019-03-29,10245,5239,3,29,5,88,60347.47,56547.54,3799.93,3799.93
2019-03-30,7884,3934,3,30,6,89,44734.19,38687.48,6046.71,6046.71
2019-03-31,6923,3608,3,31,0,90,39152.19,37748.63,1403.56,1403.56
2019-04-01,10273,5331,4,1,1,91,60575.88,60423.72,152.16,152.16
2019-04-02,10047,4943,4,2,2,92,59426.03,59263.9,162.13,162.13
2019-04-03,10607,5105,4,3,3,93,62389.64,62145.41,244.23,244.23
2019-04-04,10272,4885,4,4,4,94,60745.63,59503.68,1241.95,1241.95
2019-04-05,10438,5294,4,5,5,95,61668.96,57697.36,3971.6,3971.6
2019-04-06,7874,3893,4,6,6,96,45062.6,39476.25,5586.35,5586.35
2019-04-07,6864,3588,4,7,0,97,39121.35,37805.76,1315.59,1315.59
2019-04-08,10361,5387,4,8,1,98,61009.65,60838.23,171.42,171.42
2019-04-09,10125,4940,4,9,2,99,59993.29,59821.25,172.04,172.04
2019-04-10,10596,5103,4,10,3,100,62494.68,62179.05,315.63,315.63
2019-04-11,10202,4788,4,11,4,101,60737.34,59466.69,1270.65,1270.65
2019-04-12,10139,5098,4,12,5,102,60689.82,56662.66,4027.16,4027.16
2019-04-13,7806,3813,4,13,6,103,44922.74,38897.15,6025.59,6025.59
2019-04-14,6812,3440,4,14,0,104,39138.39,37838.91,1299.48,1299.48
2019-04-15,10140,5164,4,15,1,105,60681.6,60219.31,462.29,172.04
2019-04-16,10067,4869,4,16,2,106,60039.11,59866.97,172.14,172.14
2019-04-17,10689,5113,4,17,3,107,63381.39,63121.84,259.55,259.55
2019-04-18,10298,4848,4,18,4,108,61124.67,59979.14,1145.53,1145.53
2019-04-19,10354,5193,4,19,5,109,61383.54,57699.55,3683.99,3626.74
2019-04-20,8010,3886,4,20,6,110,46296.47,40151.2,6145.27,6145.27
2019-04-21,2814,1638,4,21,0,111,17558.29,16854.31,703.98,699.23
2019-04-22,10355,5290,4,22,1,112,61432.45,61284.4,148.05,148.05
2019-04-23,10276,4902,4,23,2,113,61389.34,61248.25,141.09,141.09
2019-04-24,10803,5071,4,24,3,114,64200.03,63979.3,220.73,220.73
2019-04-25,10427,4830,4,25,4,115,62367.95,61451.93,916.02,916.02
2019-04-26,10437,5178,4,26,5,116,65074.99,61951.96,3123.03,3123.03
2019-04-27,8128,3925,4,27,6,117,47079.47,42557.77,4521.7,4521.7
2019-04-28,7012,3515,4,28,0,118,40127.33,38853.16,1274.17,1274.17
2019-04-29,10444,5276,4,29,1,119,61708.97,61554.91,154.06,154.06
2019-04-30,10330,4975,4,30,2,120,61540.16,61365.93,174.23,174.23
2019-05-01,10983,5227,5,1,3,121,64721.22,64549.29,171.93,171.93
2019-05-02,10671,4972,5,2,4,122,63308.09,61932.27,1375.82,1375.82
2019-05-03,10755,5314,5,3,5,123,63938.09,59779.26,4158.83,4158.83
2019-05-04,8210,3993,5,4,6,124,47310.51,41025.66,6284.85,6284.85
2019-05-05,7243,3641,5,5,0,125,41322.18,40157.75,1164.43,1164.43
2019-05-06,10692,5448,5,6,1,126,63213.87,63089.82,124.05,124.05
2019-05-07,10434,5030,5,7,2,127,62384.39,62156,228.39,228.39
2019-05-08,11035,5203,5,8,3,128,65572.21,65332.65,239.56,239.56
2019-05-09,10653,4954,5,9,4,129,63440.75,61942.07,1498.68,1498.68
2019-05-10,10641,5357,5,10,5,130,63452.96,58842.48,4610.48,4610.48
2019-05-11,8262,3999,5,11,6,131,47956.4,41008.71,6947.69,6947.69
2019-05-12,7114,3635,5,12,0,132,40672.56,39572.64,1099.92,1099.92
2019-05-13,10622,5408,5,13,1,133,62999.88,62854.7,145.18,145.18
2019-05-14,10469,5052,5,14,2,134,62491.83,62343.36,148.47,148.47
2019-05-15,10988,5196,5,15,3,135,65373.74,65128.79,244.95,244.95
2019-05-16,10681,4954,5,16,4,136,63962.65,62493.99,1468.66,1468.66
2019-05-17,10702,5322,5,17,5,137,63828.07,59204.92,4623.15,4623.15
2019-05-18,8206,3974,5,18,6,138,47316.75,40642.91,6673.84,6673.84
2019-05-19,7125,3626,5,19,0,139,40714.2,39513.61,1200.59,1200.59
2019-05-20,10702,5450,5,20,1,140,63644.79,63497.87,146.92,146.92
2019-05-21,10480,4993,5,21,2,141,62872.51,62734.47,138.04,138.04
2019-05-22,11062,5196,5,22,3,142,65751.8,65489.27,262.53,262.53
2019-05-23,10735,4936,5,23,4,143,64223.6,62795.37,1428.23,1428.23
2019-05-24,10773,5298,5,24,5,144,64009.71,59515.18,4494.53,4494.53
2019-05-25,8209,3899,5,25,6,145,47356.12,40952.68,6403.44,6403.44
2019-05-26,7080,3508,5,26,0,146,40314.42,39427.31,887.11,887.11
2019-05-27,9170,3918,5,27,1,147,55395.39,54227.97,1167.42,75.44
2019-05-28,10227,4920,5,28,2,148,61371.18,61253.76,117.42,117.42
2019-05-29,10915,5108,5,29,3,149,65388.25,65158.51,229.74,229.74
2019-05-30,10631,4896,5,30,4,150,63895.49,63160.85,734.64,734.64
2019-05-31,10707,5264,5,31,5,151,63944.12,60784.38,3159.74,3159.74
2019-06-01,8244,3979,6,1,6,152,47476.17,41223.42,6252.75,6252.75
2019-06-02,7190,3591,6,2,0,153,41525.86,40586.31,939.55,939.55
2019-06-03,10529,5318,6,3,1,154,63048.37,62907.55,140.82,140.82
2019-06-04,10363,4916,6,4,2,155,62335.08,62181.42,153.66,153.66
2019-06-05,10881,5092,6,5,3,156,65422.61,65091.57,331.04,331.04
2019-06-06,10637,4852,6,6,4,157,64227.84,62726.72,1501.12,1501.12
2019-06-07,10676,5277,6,7,5,158,64239.88,59453.44,4786.44,4786.44
2019-06-08,8250,3990,6,8,6,159,47587.5,40585.22,7002.28,7002.28
2019-06-09,7200,3652,6,9,0,160,41391.17,40241.24,1149.93,1149.93
2019-06-10,10635,5331,6,10,1,161,63883.14,63726.87,156.27,156.27
2019-06-11,10426,4911,6,11,2,162,63153.3,62952.37,200.93,200.93
2019-06-12,10944,5070,6,12,3,163,65798.4,65502.49,295.91,295.91
2019-06-13,10631,4835,6,13,4,164,64276.2,62678.98,1597.22,1597.22
2019-06-14,10665,5251,6,14,5,165,64132.66,58780.72,5351.94,5351.94
2019-06-15,8227,4025,6,15,6,166,47934.24,40214.24,7720,7720
2019-06-16,7140,3605,6,16,0,167,40778.19,39739.21,1038.98,1038.98
2019-06-17,10544,5269,6,17,1,168,62864.64,62734.59,130.05,130.05
2019-06-18,10489,4879,6,18,2,169,63277.52,63111.11,166.41,166.41
2019-06-19,10960,5029,6,19,3,170,65640.69,65360.58,280.11,280.11
2019-06-20,10666,4814,6,20,4,171,64209.76,62846.03,1363.73,1363.73
2019-06-21,10675,5226,6,21,5,172,64115.42,59485.36,4630.06,4630.06
2019-06-22,8249,3938,6,22,6,173,47981.22,40269.54,7711.68,7711.68
2019-06-23,7149,3650,6,23,0,174,41017.82,40122.52,895.3,895.3
2019-06-24,10507,5256,6,24,1,175,62764.98,62600.61,164.37,164.37
2019-06-25,10432,4869,6,25,2,176,62915.45,62719.75,195.7,195.7
2019-06-26,10897,5054,6,26,3,177,65285.07,64996.77,288.3,288.3
2019-06-27,10633,4832,6,27,4,178,64248.61,62960.33,1288.28,1288.28
2019-06-28,10729,5259,6,28,5,179,64595.1,59918.95,4676.15,4676.15
2019-06-29,8224,3921,6,29,6,180,47849.66,40497.58,7352.08,7352.08
2019-06-30,7199,3645,6,30,0,181,41492.94,40489.93,1003.01,1003.01
2019-07-01,10474,5214,7,1,1,182,62951.36,62790.51,160.85,160.85
2019-07-02,10329,4846,7,2,2,183,62436.93,62221.53,215.4,215.4
2019-07-03,10824,4981,7,3,3,184,65254.04,64910.24,343.8,343.8
2019-07-04,8734,3587,7,4,4,185,52727.64,50866.73,1860.91,823.93
2019-07-05,10161,5126,7,5,5,186,60337.77,57413.11,2924.66,2924.66
2019-07-06,8157,3905,7,6,6,187,47250.18,40846.88,6403.3,6403.3
2019-07-07,7145,3569,7,7,0,188,41268.76,40609.83,658.93,658.93
2019-07-08,10568,5222,7,8,1,189,63552.04,63379.39,172.65,172.65
2019-07-09,10496,4833,7,9,2,190,63512.72,63306.06,206.66,206.66
2019-07-10,10892,4978,7,10,3,191,65643.13,65326.81,316.32,316.32
2019-07-11,10632,4714,7,11,4,192,64626.84,63229.16,1397.68,1397.68
2019-07-12,10692,5149,7,12,5,193,64272.51,59572.23,4700.28,4700.28
2019-07-13,8170,3879,7,13,6,194,47821.2,40351.5,7469.7,7469.7
2019-07-14,7200,3607,7,14,0,195,41725.44,40531.11,1194.33,1194.33
2019-07-15,10599,5224,7,15,1,196,64058.78,63816.49,242.29,242.29
2019-07-16,10480,4807,7,16,2,197,63575.94,63375.07,200.87,200.87
2019-07-17,11043,4984,7,17,3,198,66358.9,66113.76,245.14,245.14
2019-07-18,10720,4790,7,18,4,199,64628.69,63343.19,1285.5,1285.5
2019-07-19,10780,5169,7,19,5,200,64956.39,59818.64,5137.75,5137.75
2019-07-20,8268,3931,7,20,6,201,48019.82,40320.36,7699.46,7699.46
2019-07-21,7237,3655,7,21,0,202,41578.2,40363.31,1214.89,1214.89
2019-07-22,10604,5222,7,22,1,203,63730.98,63563.29,167.69,167.69
2019-07-23,10548,4773,7,23,2,204,63778,63589.81,188.19,188.19
2019-07-24,10850,4877,7,24,3,205,64854.55,64639.3,215.25,215.25
2019-07-25,10749,4793,7,25,4,206,65080.81,63734.18,1346.63,1346.63
2019-07-26,10769,5185,7,26,5,207,64678.44,59963.26,4715.18,4715.18
2019-07-27,8230,3913,7,27,6,208,47690.39,40493.01,7197.38,7197.38
2019-07-28,7166,3598,7,28,0,209,41413.98,40273.12,1140.86,1140.86
2019-07-29,10614,5236,7,29,1,210,64020.71,63821.21,199.5,199.5
2019-07-30,10550,4815,7,30,2,211,63662.65,63462.77,199.88,199.88
2019-07-31,11058,4950,7,31,3,212,66439.58,66155.59,283.99,283.99
2019-08-01,11567,5332,8,1,4,213,70342.22,68976,1366.22,1366.22
2019-08-02,11758,5768,8,2,5,214,71401.8,65978.35,5423.45,5423.45
2019-08-03,8763,4447,8,3,6,215,51320.66,43245.33,8075.33,8075.33
2019-08-04,7612,4085,8,4,0,216,44048.38,43000.26,1048.12,1048.12
2019-08-05,11600,5858,8,5,1,217,70199.28,69943.78,255.5,255.5
2019-08-06,11552,5473,8,6,2,218,70241.83,69988.04,253.79,253.79
2019-08-07,12081,5633,8,7,3,219,73494.32,73017.51,476.81,476.81
2019-08-08,11834,5400,8,8,4,220,71933.19,70173.24,1759.95,1759.95
2019-08-09,11825,5827,8,9,5,221,71853.15,65899.5,5953.65,5953.65
2019-08-10,8845,4443,8,10,6,222,52232.56,42815.05,9417.51,9417.51
2019-08-11,7632,4080,8,11,0,223,44156.01,43030.62,1125.39,1125.39
2019-08-12,11601,5860,8,12,1,224,70397.96,69773.56,624.4,240.22
2019-08-13,11649,5443,8,13,2,225,70960.45,70696.45,264,261.54
2019-08-14,12136,5679,8,14,3,226,73795.2,73343.23,451.97,451.97
2019-08-15,11882,5457,8,15,4,227,72491.07,70846.46,1644.61,1644.61
2019-08-16,11848,5825,8,16,5,228,72007.6,66160.06,5847.54,5847.54
2019-08-17,8817,4423,8,17,6,229,51684.5,42700.93,8983.57,8983.57
2019-08-18,7635,4094,8,18,0,230,43860.8,42653.48,1207.32,1207.32
2019-08-19,11758,5932,8,19,1,231,70753.79,70558.25,195.54,195.54
2019-08-20,11742,5503,8,20,2,232,71051.82,70841.67,210.15,210.15
2019-08-21,12263,5704,8,21,3,233,73967.65,73669.82,297.83,297.83
2019-08-22,11995,5470,8,22,4,234,72453.88,70960.86,1493.02,1493.02
2019-08-23,11943,5850,8,23,5,235,72338.44,66755.14,5583.3,5583.3
2019-08-24,8845,4437,8,24,6,236,51832.24,43166.33,8665.91,8665.91
2019-08-25,7712,4081,8,25,0,237,44570.04,43460.83,1109.21,1109.21
2019-08-26,11792,5941,8,26,1,238,70668.6,70486.98,181.62,181.62
2019-08-27,11775,5504,8,27,2,239,71247.48,71027.04,220.44,220.44
2019-08-28,12296,5684,8,28,3,240,74063.42,73694.22,369.2,369.2
2019-08-29,12015,5452,8,29,4,241,72899.87,71209.02,1690.85,1690.85
2019-08-30,11907,5799,8,30,5,242,72113.34,66380.3,5733.04,5733.04
2019-08-31,8755,4360,8,31,6,243,51102.39,42402.67,8699.72,8699.72
2019-09-01,7448,3940,9,1,0,244,42966.48,41941.06,1025.42,1025.42
2019-09-02,9764,4373,9,2,1,245,59950.62,58646.24,1304.38,168.94
2019-09-03,11444,5508,9,3,2,246,69412.98,69166.55,246.43,245.57
2019-09-04,12150,5723,9,4,3,247,74241.23,73883.2,358.03,358.03
2019-09-05,11977,5521,9,5,4,248,73305.04,72062.41,1242.63,1242.63
2019-09-06,11978,5924,9,6,5,249,73209.07,68686.27,4522.8,4522.8
2019-09-07,9029,4514,9,7,6,250,52711.98,44621.02,8090.96,8090.96
2019-09-08,7734,4094,9,8,0,251,44554.96,43644.55,910.41,910.41
2019-09-09,11829,5966,9,9,1,252,71631.86,71417.38,214.48,214.48
2019-09-10,11328,5384,9,10,2,253,69006.36,68800.03,206.33,206.33
2019-09-11,11796,5516,9,11,3,254,71769.19,71470.69,298.5,298.5
2019-09-12,11489,5342,9,12,4,255,70298.15,68895.95,1402.2,1402.2
2019-09-13,11467,5670,9,13,5,256,69622.9,64055.47,5567.43,5567.43
2019-09-14,8413,4225,9,14,6,257,49264.65,41226.58,8038.07,8038.07
2019-09-15,7173,3835,9,15,0,258,41340.26,40360.7,979.56,979.56
2019-09-16,11287,5794,9,16,1,259,68050.5,67874.12,176.38,176.38
2019-09-17,11347,5428,9,17,2,260,69149.7,68919.66,230.04,230.04
2019-09-18,11878,5554,9,18,3,261,72282.58,71926.88,355.7,355.7
2019-09-19,11493,5362,9,19,4,262,69922.62,68319.42,1603.2,1603.2
2019-09-20,11536,5739,9,20,5,263,70271.04,64791.76,5479.28,5479.28
2019-09-21,8422,4299,9,21,6,264,49108.59,41320.65,7787.94,7787.94
2019-09-22,7292,3882,9,22,0,265,41910.53,40914.51,996.02,996.02
2019-09-23,11424,5907,9,23,1,266,68894.8,68720.22,174.58,174.58
2019-09-24,11464,5540,9,24,2,267,69799.6,69578.8,220.8,220.8
2019-09-25,11909,5617,9,25,3,268,72409.21,72037.26,371.95,371.95
2019-09-26,11686,5452,9,26,4,269,71135.8,69603.53,1532.27,1532.27
2019-09-27,11568,5739,9,27,5,270,70003.53,64420.54,5582.99,5582.99
2019-09-28,8476,4359,9,28,6,271,49616.35,41667.84,7948.51,7948.51
2019-09-29,7284,3933,9,29,0,272,42134.45,41045.76,1088.69,1088.69
2019-09-30,11437,5866,9,30,1,273,69532.94,69312.5,220.44,220.44
2019-10-01,11451,5483,10,1,2,274,69809.15,69640.44,168.71,168.71
2019-10-02,12024,5653,10,2,3,275,73507.67,73216.74,290.93,290.93
2019-10-03,11690,5448,10,3,4,276,71453.36,69896.93,1556.43,1556.43
2019-10-04,11826,5789,10,4,5,277,72193.54,66446.08,5747.46,5747.46
2019-10-05,8536,4372,10,5,6,278,49889.72,42045.56,7844.16,7844.16
2019-10-06,7356,4048,10,6,0,279,42555.26,41371.63,1183.63,1183.63
2019-10-07,11635,5935,10,7,1,280,70248.93,70098.81,150.12,150.12
2019-10-08,11592,5571,10,8,2,281,70980.74,70718.31,262.43,262.43
2019-10-09,12041,5721,10,9,3,282,73010.44,72744.64,265.8,265.8
2019-10-10,11775,5519,10,10,4,283,71536.06,70053.31,1482.75,1482.75
2019-10-11,11679,5836,10,11,5,284,71064.01,65386.38,5677.63,5677.63
2019-10-12,8492,4413,10,12,6,285,49404.92,41374.99,8029.93,8029.93
2019-10-13,7408,3998,10,13,0,286,42541.34,41370.63,1170.71,1170.71
2019-10-14,11534,5573,10,14,1,287,70183.64,69079.43,1104.21,159.34
2019-10-15,11589,5616,10,15,2,288,70923.18,70721.58,201.6,188.23
2019-10-16,12112,5716,10,16,3,289,73701.65,73467.68,233.97,233.97
2019-10-17,11805,5528,10,17,4,290,72039.07,70497.48,1541.59,1541.59
2019-10-18,11673,5845,10,18,5,291,71130.7,65671.76,5458.94,5458.94
2019-10-19,8504,4403,10,19,6,292,49661.57,41750.73,7910.84,7910.84
2019-10-20,7422,4076,10,20,0,293,42589.1,41308.72,1280.38,1280.38
2019-10-21,11584,5948,10,21,1,294,69899.64,69696.64,203,203
2019-10-22,11614,5575,10,22,2,295,70655.17,70466.9,188.27,188.27
2019-10-23,12024,5597,10,23,3,296,73060.07,72737.74,322.33,322.33
2019-10-24,11807,5537,10,24,4,297,71561.36,69931.84,1629.52,1629.52
2019-10-25,11728,5867,10,25,5,298,71190.62,65324.1,5866.52,5866.52
2019-10-26,8458,4364,10,26,6,299,48987.18,41223.73,7763.45,7763.45
2019-10-27,7333,4045,10,27,0,300,41954.5,40853.72,1100.78,1100.78
2019-10-28,11595,5975,10,28,1,301,70094.88,69865.69,229.19,229.19
2019-10-29,11562,5567,10,29,2,302,70492.27,70235.27,257,257
2019-10-30,12043,5714,10,30,3,303,73660.93,73264.48,396.45,396.45
2019-10-31,11609,5527,10,31,4,304,71041.34,69305.5,1735.84,1735.84
2019-11-01,11586,5873,11,1,5,305,70282.76,64538.25,5744.51,5744.51
2019-11-02,8615,4466,11,2,6,306,50386.81,42281.42,8105.39,8105.39
2019-11-03,7477,3989,11,3,0,307,43646.93,42331.3,1315.63,1315.63
2019-11-04,11754,5997,11,4,1,308,71513.37,71276.78,236.59,236.59
2019-11-05,11268,5483,11,5,2,309,69046.99,68790.2,256.79,256.79
2019-11-06,12152,5808,11,6,3,310,73971.28,73522.78,448.5,448.5
2019-11-07,11890,5573,11,7,4,311,72280.59,70502.66,1777.93,1777.93
2019-11-08,11773,5894,11,8,5,312,71378.73,65281.37,6097.36,6097.36
2019-11-09,8735,4471,11,9,6,313,50731.69,42609.02,8122.67,8122.67
2019-11-10,7498,4008,11,10,0,314,43518.58,42251.87,1266.71,1266.71
2019-11-11,11140,5046,11,11,1,315,68068.35,66688.66,1379.69,206.08
2019-11-12,11714,5610,11,12,2,316,72060.14,71715.21,344.93,320.72
2019-11-13,12164,5783,11,13,3,317,74288.81,73827.41,461.4,461.4
2019-11-14,11979,5576,11,14,4,318,73532.16,71766.33,1765.83,1765.83
2019-11-15,11909,5924,11,15,5,319,72981.4,67323.24,5658.16,5658.16
2019-11-16,8687,4459,11,16,6,320,50417.12,42260.21,8156.91,8156.91
2019-11-17,7482,4079,11,17,0,321,43618.28,42361.6,1256.68,1256.68
2019-11-18,11804,6040,11,18,1,322,71716.53,71511.9,204.63,204.63
2019-11-19,11866,5732,11,19,2,323,72735.74,72430.95,304.79,304.79
2019-11-20,12247,5806,11,20,3,324,74914.95,74562.64,352.31,352.31
2019-11-21,11975,5618,11,21,4,325,73139.6,71523.53,1616.07,1616.07
2019-11-22,12031,5977,11,22,5,326,73705.16,67840.6,5864.56,5864.56
2019-11-23,8925,4543,11,23,6,327,52826.66,43794.06,9032.6,9032.6
2019-11-24,7876,4151,11,24,0,328,46203.15,44800.63,1402.52,1402.52
2019-11-25,11935,6008,11,25,1,329,72873.98,72641.58,232.4,232.4
2019-11-26,11975,5657,11,26,2,330,73797.31,73460.92,336.39,336.39
2019-11-27,12277,5682,11,27,3,331,79124.58,78392.2,732.38,730.88
2019-11-28,6125,2469,11,28,4,332,40109.55,16348.17,23761.38,123.91
2019-11-29,10832,5371,11,29,5,333,77317.85,67762.23,9555.62,5473.97
2019-11-30,9088,4554,11,30,6,334,57265.85,46635.63,10630.22,10630.22
2019-12-01,7949,4101,12,1,0,335,47610.08,46427.03,1183.05,1183.05
2019-12-02,11809,6001,12,2,1,336,72413.72,72151.11,262.61,262.61
2019-12-03,12046,5725,12,3,2,337,74345.84,73969.79,376.05,376.05
2019-12-04,12336,5805,12,4,3,338,75782.02,75193.37,588.65,588.65
2019-12-05,12170,5616,12,5,4,339,75122.09,72957.16,2164.93,2164.93
2019-12-06,12141,5945,12,6,5,340,75077.9,68353.59,6724.31,6724.31
2019-12-07,9188,4569,12,7,6,341,55948.89,44895.09,11053.8,11053.8
2019-12-08,8121,4215,12,8,0,342,48649.66,47293.1,1356.56,1356.56
2019-12-09,12026,6040,12,9,1,343,73985.93,73654.57,331.36,331.36
2019-12-10,12168,5710,12,10,2,344,75021.59,74683.3,338.29,338.29
2019-12-11,12413,5757,12,11,3,345,76969.99,76446.43,523.56,523.56
2019-12-12,12186,5593,12,12,4,346,75582.81,73586,1996.81,1996.81
2019-12-13,12223,5960,12,13,5,347,76510.54,69419.45,7091.09,7091.09
2019-12-14,9184,4509,12,14,6,348,55959.79,44575.61,11384.18,11384.18
2019-12-15,8113,4136,12,15,0,349,49216.14,47579.59,1636.55,1636.55
2019-12-16,12007,5913,12,16,1,350,75097.15,74728.09,369.06,369.06
2019-12-17,12248,5856,12,17,2,351,77529.05,77019.97,509.08,509.08
2019-12-18,12384,5667,12,18,3,352,77823.76,77165.08,658.68,658.68
2019-12-19,12258,5610,12,19,4,353,77226.35,74858.26,2368.09,2368.09
2019-12-20,12231,5967,12,20,5,354,77183.39,69217.42,7965.97,7965.97
2019-12-21,9426,4520,12,21,6,355,62625.9,47443.45,15182.45,15182.45
2019-12-22,8439,4215,12,22,0,356,53492.39,51844.35,1648.04,1648.04
2019-12-23,12162,5719,12,23,1,357,80083.55,79374.29,709.26,709.26
2019-12-24,11403,5421,12,24,2,358,70472.1,69708.68,763.42,683.42
2019-12-25,1798,852,12,25,3,359,12018.66,10618.46,1400.2,9.56
2019-12-26,11066,5337,12,26,4,360,68294.59,67482.7,811.89,643.26
2019-12-27,12129,5891,12,27,5,361,76695.76,74383.65,2312.11,2312.11
2019-12-28,9223,4533,12,28,6,362,56519.18,50524.06,5995.12,5995.12
2019-12-29,8055,4151,12,29,0,363,47772.39,46733.16,1039.23,1039.23
2019-12-30,11749,5741,12,30,1,364,72503.48,72253.35,250.13,250.13
2019-12-31,11316,5429,12,31,2,365,68613.46,68131.4,482.06,433.06
2020-01-01,8377,4295,1,1,3,1,48952.63,47278.85,1673.78,260.6
2020-01-02,11416,5437,1,2,4,2,69690.8,68717.9,972.9,963.11
2020-01-03,11872,5864,1,3,5,3,73144.33,69556.51,3587.82,3587.82
2020-01-04,9089,4564,1,4,6,4,54164.62,45877.13,8287.49,8287.49
2020-01-05,7886,4079,1,5,0,5,45987,45004.36,982.64,982.64
2020-01-06,11883,5861,1,6,1,6,72192.06,71913.68,278.38,278.38
2020-01-07,11921,5777,1,7,2,7,73147.93,72816.61,331.32,331.32
2020-01-08,12316,5646,1,8,3,8,75083.38,74656.23,427.15,427.15
2020-01-09,12112,5554,1,9,4,9,73879.48,72182.07,1697.41,1697.41
2020-01-10,12044,5922,1,10,5,10,73460.46,67206.76,6253.7,6253.7
2020-01-11,9007,4548,1,11,6,11,52763.3,43854.83,8908.47,8908.47
2020-01-12,7779,4053,1,12,0,12,45558.95,44387.16,1171.79,1171.79
2020-01-13,11967,5857,1,13,1,13,72397.27,72187.3,209.97,209.97
2020-01-14,11913,5751,1,14,2,14,73495.49,73242.53,252.96,252.96
2020-01-15,12393,5620,1,15,3,15,75664.38,75198.97,465.41,465.41
2020-01-16,12101,5558,1,16,4,16,73794.25,71962.44,1831.81,1831.81
2020-01-17,12112,5898,1,17,5,17,73813.4,67706.95,6106.45,6106.45
2020-01-18,8901,4490,1,18,6,18,52336.47,43768.58,8567.89,8567.89
2020-01-19,7800,3968,1,19,0,19,45198.31,43902.99,1295.32,1295.32
2020-01-20,10893,4881,1,20,1,20,66971.28,66112.67,858.61,179.41
2020-01-21,11930,5782,1,21,2,21,73312.98,73074.15,238.83,238.83
2020-01-22,12328,5654,1,22,3,22,75049.39,74670.89,378.5,378.5
2020-01-23,12156,5587,1,23,4,23,74442.58,73056.27,1386.31,1386.31
2020-01-24,12085,5952,1,24,5,24,73892.23,68535.24,5356.99,5356.99
2020-01-25,9044,4524,1,25,6,25,53040.94,44714.24,8326.7,8326.7
2020-01-26,7885,4102,1,26,0,26,45645.99,44570.82,1075.17,1075.17
2020-01-27,11974,5926,1,27,1,27,72473.23,72261.43,211.8,211.8
2020-01-28,11987,5823,1,28,2,28,73845.79,73622.54,223.25,223.25
2020-01-29,12397,5686,1,29,3,29,75428.01,75004.61,423.4,423.4
2020-01-30,12075,5586,1,30,4,30,73873.23,72110.31,1762.92,1762.92
2020-01-31,12072,5977,1,31,5,31,73998.73,67900.23,6098.5,6098.5
2020-02-01,8918,4614,2,1,6,32,52007.36,43723.1,8284.26,8284.26
2020-02-02,7747,4092,2,2,0,33,44814.08,43570.6,1243.48,1243.48
2020-02-03,11810,5835,2,3,1,34,71254.53,71061.2,193.33,193.33
2020-02-04,11937,5800,2,4,2,35,73226.06,72956.75,269.31,269.31
2020-02-05,12289,5657,2,5,3,36,74808.49,74511.64,296.85,296.85
2020-02-06,12048,5549,2,6,4,37,73705.86,72123.24,1582.62,1582.62
2020-02-07,11986,5966,2,7,5,38,73301.43,67384.27,5917.16,5917.16
2020-02-08,8961,4544,2,8,6,39,52788.66,44148.26,8640.4,8640.4
2020-02-09,7807,4119,2,9,0,40,45338.07,44060.27,1277.8,1277.8
2020-02-10,11899,5926,2,10,1,41,72063.59,71913.17,150.42,150.42
2020-02-11,11877,5819,2,11,2,42,73148.26,72933.99,214.27,214.27
2020-02-12,12285,5675,2,12,3,43,74632.68,74240.3,392.38,392.38
2020-02-13,12031,5577,2,13,4,44,73963.21,72358.74,1604.47,1604.47
2020-02-14,12019,5910,2,14,5,45,73289.87,67461.81,5828.06,5828.06
2020-02-15,8833,4542,2,15,6,46,51975.48,43787.38,8188.1,8188.1
2020-02-16,7707,3995,2,16,0,47,44892.37,43502.21,1390.16,1119.93
2020-02-17,11005,4907,2,17,1,48,69070.76,68338.32,732.44,152.18
2020-02-18,11875,5866,2,18,2,49,73097.75,72869.67,228.08,180.33
2020-02-19,12319,5708,2,19,3,50,75667.84,75230.06,437.78,437.78
2020-02-20,12032,5631,2,20,4,51,73948.16,72358.74,1589.42,1589.42
2020-02-21,11937,6024,2,21,5,52,73067.89,67758.21,5309.68,5309.68
2020-02-22,8916,4588,2,22,6,53,52368.37,44498.96,7869.41,7869.41
2020-02-23,7757,4094,2,23,0,54,45118.34,44107,1011.34,1011.34
2020-02-24,11833,5960,2,24,1,55,72213.91,72001.05,212.86,212.86
2020-02-25,11786,5810,2,25,2,56,72889.15,72568.41,320.74,320.74
2020-02-26,12158,5687,2,26,3,57,74287.85,73884.07,403.78,403.78
2020-02-27,11896,5574,2,27,4,58,72912.47,71347.73,1564.74,1564.74
2020-02-28,11904,5970,2,28,5,59,72744.09,67200.35,5543.74,5543.74
2020-02-29,8807,4538,2,29,6,60,51687.35,43777.1,7910.25,7910.25
2020-03-01,7747,4120,3,1,0,61,45217.98,43996.31,1221.67,1221.67
2020-03-02,11877,5975,3,2,1,62,72197.34,72007.77,189.57,189.57
2020-03-03,11732,5849,3,3,2,63,72357.87,72150.89,206.98,206.98
2020-03-04,12263,5757,3,4,3,64,75050.87,74593.12,457.75,457.75
2020-03-05,11954,5611,3,5,4,65,73386.72,71777.31,1609.41,1609.41
2020-03-06,12031,6042,3,6,5,66,73793.53,67800.17,5993.36,5993.36
2020-03-07,8906,4615,3,7,6,67,52486.95,44186.51,8300.44,8300.44
2020-03-08,7722,4100,3,8,0,68,44496.95,43371.01,1125.94,1125.94
2020-03-09,11858,5971,3,9,1,69,72507.01,72307.23,199.78,199.78
2020-03-10,11858,5874,3,10,2,70,73435.96,73183.21,252.75,252.75
2020-03-11,12378,5987,3,11,3,71,76275.32,75885.43,389.89,389.89
2020-03-12,12046,5686,3,12,4,72,74497.98,72854.87,1643.11,1643.11
2020-03-13,11973,5987,3,13,5,73,74361.08,68217.64,6143.44,6143.44
2020-03-14,8921,4593,3,14,6,74,53914.86,44510.73,9404.13,9404.13
2020-03-15,7775,4104,3,15,0,75,46505.37,45350.28,1155.09,1155.09
2020-03-16,11791,5903,3,16,1,76,73095.05,72798.04,297.01,297.01
2020-03-17,11322,5690,3,17,2,77,71193.17,70938.24,254.93,254.93
2020-03-18,11117,5506,3,18,3,78,70171.19,69594.6,576.59,576.59
2020-03-19,9987,4931,3,19,4,79,63760.5,61904.28,1856.22,1856.22
2020-03-20,9747,5168,3,20,5,80,62051.36,55694.66,6356.7,6356.7
2020-03-21,6750,3603,3,21,6,81,41213.17,32380.82,8832.35,8832.35
2020-03-22,5805,3161,3,22,0,82,35624.28,34806.09,818.19,818.19
2020-03-23,9410,4932,3,23,1,83,59875.11,59691.12,183.99,183.99
2020-03-24,9609,4859,3,24,2,84,61968.09,61674.15,293.94,293.94
2020-03-25,9742,4915,3,25,3,85,62729.79,62151.68,578.11,578.11
2020-03-26,9645,4818,3,26,4,86,62537.24,60584.3,1952.94,1952.94
2020-03-27,9694,5123,3,27,5,87,62619.71,56171.97,6447.74,6447.74
2020-03-28,6679,3550,3,28,6,88,41204.51,31919.12,9285.39,9285.39
2020-03-29,5830,3005,3,29,0,89,36060.16,35311.47,748.69,748.69
2020-03-30,9538,5070,3,30,1,90,61359.63,61135.06,224.57,224.57
2020-03-31,9737,4970,3,31,2,91,63536.39,63226.78,309.61,309.61
2020-04-01,9811,4875,4,1,3,92,63867.16,63269.31,597.85,597.85
2020-04-02,9762,4776,4,2,4,93,63748.35,61461.66,2286.69,2286.69
2020-04-03,9632,5071,4,3,5,94,62404.44,55298.38,7106.06,7106.06
2020-04-04,6951,3664,4,4,6,95,43287.77,33293.22,9994.55,9994.55
2020-04-05,6056,3149,4,5,0,96,37870.31,36947.46,922.85,922.85
2020-04-06,9354,4966,4,6,1,97,60242.48,60098.19,144.29,144.29
2020-04-07,9568,4854,4,7,2,98,62222.95,61936.65,286.3,286.3
2020-04-08,9835,4959,4,8,3,99,64027.39,63545.81,481.58,481.58
2020-04-09,9588,4678,4,9,4,100,62314.9,60460.3,1854.6,1854.6
2020-04-10,9390,5021,4,10,5,101,60521.93,54019.28,6502.65,6502.65
2020-04-11,6883,3661,4,11,6,102,43331.22,33109.56,10221.66,10221.66
2020-04-12,2937,1411,4,12,0,103,20554.87,20020.43,534.44,534.44
